,text,dataset,aspect_str,aspects
0,I O 've O had O this O beauty O for O nearly O 2 O months O now O and O I O truely O love O it O . O,Nokia 6600.txt,phone[+3][u],['phone']
1,The O only O disappointment O so O far O has O been O battery B-aspect life I-aspect . O,Nokia 6600.txt,battery life[-2],['battery life']
2,Mine O generally O requires O a O charege O every O 48 O hours O or O so O and O I O do O n't O really O talk O on O it O that O much O . O,Nokia 6600.txt,battery life[-2][u],['battery life']
3,Why O is O this O phone O so O great O ? O,Nokia 6600.txt,,[]
4,It O has O it O all O . O,Nokia 6600.txt,phone[+3][p],['phone']
5,"This O is O the O first O phone B-aspect I O know O of O that O has O the O large O bright O screen O , O infrared O , O bluetooth O , O USB O connector O and O a O speakerphone B-aspect . O",Nokia 6600.txt,phone[+3],['phone']
6,"If O you O are O looking O for O an O upgrade O , O this O is O definitely O the O phone B-aspect for O you O . O",Nokia 6600.txt,phone[+3],['phone']
7,I O got O this O with O the O need O for O a O nokia O GSM O camera-phone O with O speakerphone O . O,Nokia 6600.txt,,[]
8,"3660 O had O similar O features O , O but O that O is O big O in O size B-aspect . O",Nokia 6600.txt,size[cs][+2],['size']
9,6600 B-aspect looks O and O feels O nice O . O,Nokia 6600.txt,6600[+3],['6600']
10,This O one O is O full O of O featureshas O bluetooth B-aspect . O,Nokia 6600.txt,bluetooth[+3],['bluetooth']
11,Especially O the O LCD B-aspect is O big O and O the O camera B-aspect quality I-aspect is O among O the O very O best O around O . O,Nokia 6600.txt,"LCD[+3],camera quality[+3]","['LCD', 'camera quality']"
12,"I O have O set O up O it O 's O PDA B-aspect features O with O avantgo.com O where O you O can O download O info O from O sites O like O weather O , O mapquest O maps/directions O into O it O , O which O is O great O . O",Nokia 6600.txt,PDA[+3],['PDA']
13,"Using O supplied O s/w B-aspect , O you O can O transfer O all O addresses O from O a O different O nokia O phone O into O it O . O",Nokia 6600.txt,s/w[+3],['s/w']
14,Goes O ~3 O days O after O a O charge O . O,Nokia 6600.txt,battery life[+3][u],['battery life']
15,Its O been O 11 O months O now O that O I O 've O held O on O to O my O Nokia O 6600 O for O . O,Nokia 6600.txt,,[]
16,I O purchased O this O phone B-aspect knowing O it O was O slightly O old O as O compared O to O the O newer O models O of O Nokia O phones O available O . O,Nokia 6600.txt,phone[-1][cs],['phone']
17,I O thought O it O was O kind O of O steeply O priced B-aspect at O that O time O . O,Nokia 6600.txt,priced[-2],['priced']
18,I O must O add O to O the O dismay/delight O of O readers O this O phone B-aspect is O simply O the O most O groundbreaking O phone B-aspect mankind O has O ever O held O . O,Nokia 6600.txt,phone[+3],['phone']
19,It O has O raised O the O bar O owing O to O number O of O features O it O offers O and O the O absolute O ease O of O use B-aspect delight O . O,Nokia 6600.txt,use[+3],['use']
20,Now O I O 'm O a O techy O and O like O getting O technical O about O things O so O I O 'd O brief O you O in O on O the O few O features O I O liked O about O this O phone- O,Nokia 6600.txt,,[]
21,1.The O Phone O has O the O best O keypad B-aspect any O Nokia O phone O has O to O offer O . O,Nokia 6600.txt,keypad[+3],['keypad']
22,My O dad O has O a O Nokia O 6670 O before O which O he O has O a O Nokia O 7210 O and O before O that O he O had O a O Nokia O 6610 O . O,Nokia 6600.txt,,[]
23,"I O think O the O keypad O on O your O cell O phone O is O the O most O important O thing O for O me O as O Im O constantly O sending O messages O , O calling O people O and O fiddling O around O with O my O phone O . O",Nokia 6600.txt,,[]
24,Believe O me O when O I O say O this O I O have O used O and O fingered O all O Nokia O phones O and O the O 6600 O has O the O best O keypad B-aspect,Nokia 6600.txt,keypad[+3][cc],['keypad']
25,2 O . O The O looks O are O absolutely O no O nonsensical O . O,Nokia 6600.txt,,[]
26,Some O complain O it O being O a O tad O too O bulky O looking O . O,Nokia 6600.txt,,[]
27,I O must O admit O its O not O the O best O looking O phone O ever O but O then O it O has O this O look B-aspect of O static O and O absolute O conviction O that O looks O like O everything O a O phone O should O be O,Nokia 6600.txt,look[+2],['look']
28,3 O . O The O Nokia O 6600 O has O a O brilliant O Java O interface B-aspect . O,Nokia 6600.txt,interface[+3],['interface']
29,"There O 's O a O whole O lot O of O things O you O can O do O with O this O phone O besides O reading O a O book O , O playing O various O Java O games O , O having O a O variety O of O software O installed O . O",Nokia 6600.txt,,[]
30,The O Phone O offers O a O 32 O Mb O MMC B-aspect card I-aspect and O I O think O that O is O certainly O the O most O exciting O feature O . O,Nokia 6600.txt,MMC card[+3][u],['MMC card']
31,"I O upgraded O mine O to O a O 128 O MB O MMC O Card O via O which O I O can O store O unlimited O number O of O messages O , O take O a O thousand O pictures O and O videos O . O",Nokia 6600.txt,,[]
32,Capacity B-aspect is O not O a O problem O here O . O,Nokia 6600.txt,Capacity[+3],['Capacity']
33,4 O . O The O Build B-aspect is O just O right O . O,Nokia 6600.txt,Build[+3],['Build']
34,The O phone O is O sturdy B-aspect . O,Nokia 6600.txt,sturdy[+3][u],['sturdy']
35,I O 've O dropped O it O atleast O a O dozen O times O to O my O recolletion O and O it O still O works O as O good O as O ever O . O,Nokia 6600.txt,build[+3][u],['build']
36,Its O a O tough O one O this O unless O you O wan O na O drive O your O car O over O it O . O,Nokia 6600.txt,phone[+3][u],['phone']
37,"This O is O n't O the O most O rugged O phone B-aspect ever O but O then O your O not O gon O na O play O aeroplane O with O this O , O are O you O . O",Nokia 6600.txt,phone[+3][u],['phone']
38,5.The O Camera B-aspect installed O on O this O phone O is O awesome O . O,Nokia 6600.txt,Camera[+3],['Camera']
39,I O click O pictures O in O JPG O format O and O because O the O phone O has O a O bluetooth B-aspect device O I O find O it O extremely O easy O to O transfer O pics O to O my O pc O and O forth O . O,Nokia 6600.txt,bluetooth[+3],['bluetooth']
40,The O display B-aspect and O brightness O on O this O phone O is O quite O extraordinary O . O,Nokia 6600.txt,display[+3][u],['display']
41,The O use O of O 65536 O 16bit O colors B-aspect ensures O you O get O your O share O of O animations O and O icons O on O your O phone O,Nokia 6600.txt,colors[+3],['colors']
42,"Besides O the O above O mentioned O Merits O , O the O phone O has O decent O ear O volume O and O loudspeaker O functionality O . O",Nokia 6600.txt,,[]
43,It O has O great O upgradibility B-aspect . O,Nokia 6600.txt,upgradibility[+3],['upgradibility']
44,I O can O play O MP3 O files O on O my O phone O by O simply O downloading O softwares O freely O available O on O the O net O . O,Nokia 6600.txt,,[]
45,Now O that O is O neat O . O,Nokia 6600.txt,,[]
46,"The O log B-aspect functions O helps O you O track O down O the O incoming O , O outgoing O calls O in O the O most O easy O of O ways O . O",Nokia 6600.txt,log[+3],['log']
47,The O handsfree B-aspect provided O by O the O phone O is O useful O for O those O who O talk O on O the O phone O while O driving O . O,Nokia 6600.txt,handsfree[+3],['handsfree']
48,I O would O n't O do O that O because O it O 's O not O worth O my O life O . O,Nokia 6600.txt,,[]
49,"Anyhow O some O demerits O of O this O phone O , O The O phone O has O a O slow O processor B-aspect and O the O ear B-aspect volume I-aspect is O lower O than O 6610 O but O then O the O 6610 O has O the O best O ear B-aspect volume I-aspect among O most O Nokia O variants O . O",Nokia 6600.txt,"processor[-3],ear volume[-2][cs]","['processor', 'ear volume']"
50,The O battery B-aspect life I-aspect of O this O phone O is O at O most O 2 O days O and O at O least O one O day O at O excessive O use O . O,Nokia 6600.txt,battery life[-2],['battery life']
51,Video B-aspect recording I-aspect is O limited O at O just O 9 O seconds O . O,Nokia 6600.txt,Video recording[-2],['Video recording']
52,You O can O upgrade B-aspect but O then O there O 's O a O certain O level O of O trouble O involved O . O,Nokia 6600.txt,upgrade[-1][u],['upgrade']
53,Overall O I O dont O think O I O will O ever O upgrade O from O this O phone O . O,Nokia 6600.txt,,[]
54,"When O I O purchased O this O phone O , O I O thought O to O myself O that O I O had O purchased O the O most O popular O phone O around O and O the O thought O did O n't O please O me O . O",Nokia 6600.txt,,[]
55,"In O any O case O , O putting O aside O how O common O it O is O in O my O city O , O I O dont O think O I O can O be O anymore O satisfied O . O",Nokia 6600.txt,,[]
56,This O makes O for O a O great O phone B-aspect . O,Nokia 6600.txt,phone[+3],['phone']
57,Did O I O mention O the O note O feature O and O how O you O can O send O notes O via O Bluetooth O ? O,Nokia 6600.txt,,[]
58,gee O anyways O ENJOY O WHAT O WORKS O ! O,Nokia 6600.txt,,[]
59,"I O 've O had O Nokia O 's O for O years O , O and O while O this O one O is O packed O with O whiz O bang O features O it O is O disappointing O for O its O primary O use O - O a O phone B-aspect . O",Nokia 6600.txt,phone[-3],['phone']
60,"Before O buying O , O I O 'd O urge O you O to O actually O use O one O and O not O just O handle O it O in O the O store O . O",Nokia 6600.txt,,[]
61,"On O the O plus O side O it O 's O packed O with O features O , O including O BlueTooth O that O works O fine O - O it O 's O really O a O tiny O computer O that O is O also O a O phone B-aspect ... O and O that O 's O the O negative O . O",Nokia 6600.txt,phone[-3],['phone']
62,"As O a O computer O , O or O PDA O its O weak O since O the O screen B-aspect , O while O large O by O phone O standards O , O is O still O tiny O to O really O do O anything O on O . O",Nokia 6600.txt,screen[-3][u],['screen']
63,"And O remember O , O this O is O a O PHONE O first O and O foremost O which O is O where O I O have O my O biggest O complaints O ... O",Nokia 6600.txt,,[]
64,"When O you O dial B-aspect a O number O , O you O 'll O need O to O check O the O screen O to O see O that O the O number O entered O is O correct O . O",Nokia 6600.txt,dial[-3],['dial']
65,You O 'll O do O that O because O the O keys B-aspect are O tightly O packed O in O and O your O fingers O will O likely O press O two O keys B-aspect at O once O . O,Nokia 6600.txt,keys[-3],['keys']
66,"I O hope O you O have O a O magnifying O glass O , O because O the O number O displayed O as O well O as O most O of O the O pop O up O options O are O tiny O . O",Nokia 6600.txt,screen[-3][u],['screen']
67,It O 's O as O though O Nokia O has O segregated O 90 O % O of O the O screen B-aspect for O fancy O features O rarely O used O and O leave O just O 10 O % O for O the O day O to O day O use O . O,Nokia 6600.txt,screen[-3],['screen']
68,"I O 've O have O many O Nokia O 's O and O while O this O is O the O best O for O features O , O it O 's O the O worst O as O a O phone B-aspect . O",Nokia 6600.txt,phone[-3],['phone']
69,"Sorry O , O try O something O else O or O at O least O trying O using O one O . O",Nokia 6600.txt,,[]
70,You O 'll O see O what O I O mean O ... O if O you O have O a O magnifying O glass O . O,Nokia 6600.txt,,[]
71,"This O phone O is O flashy O and O feels B-aspect good O in O the O hand O , O but O it O could O not O hold O a O connection O to O any O of O my O bluetooth B-aspect devices O headset O , O handheld O , O or O desktop O computer O . O",Nokia 6600.txt,"feels[+2],bluetooth[-2]","['feels', 'bluetooth']"
72,"My O old O Siemens O s56 O , O on O the O other O hand O , O worked O beautifully O with O all O of O the O above O . O",Nokia 6600.txt,phone[-2][cc],['phone']
73,Do O n't O get O me O wrong O . O,Nokia 6600.txt,,[]
74,"I O love O gadgets O , O technology O and O whatever O electronic O equipment O you O throw O my O way O . O",Nokia 6600.txt,,[]
75,I O 've O gone O from O almost O every O Nokia O phone O since O they O were O only O known O and O operational O in O Europe O . O,Nokia 6600.txt,,[]
76,"In O those O days O I O 've O gone O from O Oki O , O Motorolla O and O progressed O actually O regressed O to O Sony O Ericsson O 's O T610 O . O",Nokia 6600.txt,,[]
77,Now O I O 'm O back O to O Nokia O to O try O their O 6600 O model O . O,Nokia 6600.txt,,[]
78,who O in O the O hell O needs O a O frigging O *VGA* O camera B-aspect on O their O CELLPHONE O ? O ? O ? O,Nokia 6600.txt,camera[-3],['camera']
79,"What O is O that O , O .00000001 O megapixel O quality O ? O",Nokia 6600.txt,,[]
80,"i O bought O this O phone O last O march O , O almost O a O year O ago O , O in O saudi O arabia O it O came O out O there O before O it O did O here O . O",Nokia 6600.txt,,[]
81,"since O then O , O i O have O not O found O one O major O problem O with O it O . O",Nokia 6600.txt,phone[+3][p],['phone']
82,i O highly O recommend O it O if O you O are O looking O for O a O phone O with O great O camera B-aspect quality O and/or O lots O of O features O you O would O find O in O a O PDA B-aspect . O,Nokia 6600.txt,"camera[+3],PDA[+3]","['camera', 'PDA']"
83,"Sure O , O it O is O a O relatively O bulky B-aspect , O but O it O is O really O packed O with O many O great O features B-aspect . O",Nokia 6600.txt,"bulky[-1][u],features[+3][p]","['bulky', 'features']"
84,"I O own O this O phone O for O about O 6 O months O now O , O I O have O used O the O following O features O : O bluetooth B-aspect connection O to O laptop O and O desktop O for O sync O contacts O and O calendars O with O Outlook O , O transfer B-aspect files O movies O , O songs O , O I O have O many O movies O on O it O now O with O a O 512MB O memory O card O that O it O takes O . O",Nokia 6600.txt,"bluetooth[+3],transfer[+3]","['bluetooth', 'transfer']"
85,Bought O a O bluetooth O headset O and O it O works O like O a O wonder O . O,Nokia 6600.txt,,[]
86,"Handsfree B-aspect future O is O good O , O but O not O too O exciting O . O",Nokia 6600.txt,Handsfree[+2],['Handsfree']
87,"Camera B-aspect is O nice O , O and O video B-aspect recording I-aspect for O some O reason O is O only O limited O to O 9 O seconds O . O",Nokia 6600.txt,"Camera[+2],video recording[-1]","['Camera', 'video recording']"
88,"Only O thing O I O do O n't O like O about O it O is O slow B-aspect in O changing O apps O , O boot O up O , O and O sometime O it O has O problem O connect O thru O bluetooth B-aspect . O",Nokia 6600.txt,"slow[-2],bluetooth[-2]","['slow', 'bluetooth']"
89,This O one O has O a O good O looking B-aspect . O,Nokia 6600.txt,looking[+2],['looking']
90,It O 's O oval O and O ... O nice O . O,Nokia 6600.txt,look[+2][u],['look']
91,I O like O it O 's O shape B-aspect and O it O 's O keypad B-aspect and O joystick B-aspect . O,Nokia 6600.txt,"shape[+2],keypad[+2],joystick[+2]","['shape', 'keypad', 'joystick']"
92,"It O 's O easy O to O use B-aspect . O Not O too O small B-aspect , O and O not O too O big O . O",Nokia 6600.txt,"use[+3],small[+3][u]","['use', 'small']"
93,"The O screen B-aspect is O quite O big O between O all O handphone O , O but O the O just O about O 65000 O color O . O",Nokia 6600.txt,screen[+2],['screen']
94,"And O , O other O else O , O the O camera B-aspect is O still O VGA O . O",Nokia 6600.txt,camera[-2],['camera']
95,"I O must O say O , O this O one O is O quite O slow B-aspect to O open O an O application O . O",Nokia 6600.txt,slow[-2][p],['slow']
96,"Sometimes O , O it O needs O few O minutes O to O open O an O application O . O",Nokia 6600.txt,phone[-2][p],['phone']
97,What O 's O wrong O with O it O ? O,Nokia 6600.txt,,[]
98,"Is O it O really O slow O , O or O what O ? O",Nokia 6600.txt,,[]
99,"Few O month O ago O , O it O 's O very O popular O among O my O community O . O",Nokia 6600.txt,phone[+2][p],['phone']
100,It O 's O good O . O,Nokia 6600.txt,phone[+2][p],['phone']
101,But O not O good O enough O for O me O . O,Nokia 6600.txt,phone[-1][p],['phone']
102,": O ! O OK O , O score O 7.0 O Oh O yes O , O the O newest O color B-aspect of O this O phone O is O quite O cool O . O",Nokia 6600.txt,color[+3],['color']
103,"I O have O overall O been O disappointed O with O Nokia B-aspect in O the O past O , O finding O that O Samsung O and O Motorola O tended O to O have O better O quality O phones O . O",Nokia 6600.txt,Nokia[-2][cc],['Nokia']
104,"While O this O phone O obviously O does O n't O have O the O same O quality O construction O as O Motorola O does O , O the O Nokia O 6600 B-aspect is O one O of O the O better O phones O I O 've O used O . O",Nokia 6600.txt,6600[+2][cc],['6600']
105,What O makes O it O so O great O is O the O versatility B-aspect and O the O number O of O features B-aspect it O has O . O,Nokia 6600.txt,"versatility[+3],features[+3]","['versatility', 'features']"
106,The O best O features O that O I O use O most O often O are O : O,Nokia 6600.txt,,[]
107,1 O Great O audio B-aspect quality I-aspect overall O . O,Nokia 6600.txt,audio quality[+3],['audio quality']
108,"Handset O quality O is O great O , O as O is O the O speakerphone O quality O and O the O headset O audio B-aspect quality I-aspect . O",Nokia 6600.txt,audio quality[+3],['audio quality']
109,2 O Camera O phone O . O,Nokia 6600.txt,,[]
110,"A O decent O camera B-aspect phone O for O taking O quick O pictures O , O movies O , O and O having O general O all O around O fun O with O . O",Nokia 6600.txt,camera[+3],['camera']
111,3 O The O joystick B-aspect design O they O are O using O on O the O new O Nokias O gives O you O a O great O degree O of O control O . O,Nokia 6600.txt,joystick[+3],['joystick']
112,The O only O problem O is O that O occasionally O the O joystick B-aspect does O start O to O dig O into O your O thumb O while O gaming O . O,Nokia 6600.txt,joystick[-2],['joystick']
113,4 O One O nice O thing O about O Nokias O is O that O they O have O a O ton O of O ring B-aspect tone I-aspect and O game B-aspect choices O . O,Nokia 6600.txt,"ring tone[+3],game[+3]","['ring tone', 'game']"
114,"If O you O love O your O cell O phone O games O or O changing O your O ring O tones O everyday O , O Nokia B-aspect beats O everyone O else O . O",Nokia 6600.txt,Nokia[+3],['Nokia']
115,"5 O Bluetooth B-aspect wireless O technology O , O so O that O I O can O transfer O data O to O and O from O my O computer O without O messing O with O any O cables O . O",Nokia 6600.txt,Bluetooth[+3],['Bluetooth']
116,This O is O great O for O putting O photos O and O memos O on O the O computer O and O transferring O calander O data O to O my O phone O . O,Nokia 6600.txt,,[]
117,"6 O The O phone O is O really O wide B-aspect , O which O seems O to O be O a O turnoff O for O many O people O , O but O the O phone O is O actually O easier O to O grip O and O feel O more O ergonomic O . O",Nokia 6600.txt,wide[+2][u],['wide']
118,"I O feel O much O less O likely O to O drop O this O phone O than O others O , O which O are O actually O starting O to O get O too O small B-aspect . O",Nokia 6600.txt,small[+3][u],['small']
119,"You O will O probably O have O to O get O a O belt O clip O for O it O , O however O , O unless O you O wear O the O pants O with O the O cargo O pockets O . O",Nokia 6600.txt,[s],[]
120,"My O biggest O concern O is O that O I O have O found O Nokia O phones O lower O quality O construction B-aspect to O lead O to O lower O prices O , O but O they O also O do O n't O last O as O long O . O",Nokia 6600.txt,construction[-2],['construction']
121,"I O can O tell O using O the O phone O that O it O feels O a O little O flimsier O than O Motorolas O do O , O but O as O long O as O I O 'm O not O planning O on O dropping O the O phone O or O running O over O it O with O my O car O it O should O be O just O fine O . O",Nokia 6600.txt,construction[+1][u],['construction']
122,"I O would O n't O use O it O for O business O purposes O and O hand O one O out O to O all O my O employees O , O because O you O tend O to O want O a O little O more O rugged O a O phone O for O that O . O",Nokia 6600.txt,[s],[]
123,Other O than O that O it O meets O or O surpasses O all O of O my O needs O and O surely O wo O n't O disappoint O any O already O established O Nokia O phone B-aspect fans O . O,Nokia 6600.txt,phone[+3],['phone']
124,"OPERATION O : O It O 's O like O BMW O 's O IDrive O - O It O does O it O 's O job O , O but O has O the O most O unintuitive O , O overly-layered O interface B-aspect . O",Nokia 6600.txt,interface[-2],['interface']
125,"For O example O , O the O memory O card O is O under O the O battery O . O",Nokia 6600.txt,,[]
126,The O phone O must O be O shut O down O & O taken O apart O to O change O the O memory O card O ... O and O turning O the O phone O back O on O takes O a O little O while O . O,Nokia 6600.txt,operation[-2][u],['operation']
127,This O is O representative O of O the O entire O phone O operation O . O,Nokia 6600.txt,,[]
128,Not O for O the O impatient O . O,Nokia 6600.txt,,[]
129,"If O you O 've O never O used O an O advanced O mobile O phone O before O , O you O might O assume O this O is O par O for O the O course O , O but O it O simply O is O n't O . O",Nokia 6600.txt,,[]
130,Even O the O instruction B-aspect booklet I-aspect is O out O of O order O . O,Nokia 6600.txt,instruction booklet[-2],['instruction booklet']
131,applications B-aspect : O It O has O lots O of O applications B-aspect and O they O work O very O well O ... O when O you O eventually O find O where O they O are O and O they O finally O open O . O,Nokia 6600.txt,applications[+2],['applications']
132,"No O matter O how O accustomed O to O the O phone O you O become O , O too O much O time O is O required O to O get O to O , O open O and O close O applications B-aspect . O",Nokia 6600.txt,applications[-2],['applications']
133,"On O the O other O hand O , O one O may O leave O many O applications O open O at O once O , O hide O them O and O return O to O them O just O where O they O left O off O - O similar O to O a O Mac O . O",Nokia 6600.txt,,[]
134,"The O 6600 B-aspect has O more O ameneties O than O most O - O World O phone O , O Camera O VGA/zoom/night O mode/timer O , O Video O w/ O audio O & O zoom O , O Speaker O good O sound O , O Bluetooth O , O infrared O , O Modem O for O computers O , O electronic O wallet O , O Internet O access O , O Calendar O , O calculator O , O converter O and O more O . O",Nokia 6600.txt,6600[+2][u],['6600']
135,"The O phone B-aspect does O not O have O an O Mp3-player O , O FM O radio O , O 200k+ O color O screen O , O megapixel O camera O , O quad O band O , O PDA O , O photo O editor O . O",Nokia 6600.txt,phone[-2][u],['phone']
136,"I O 'm O not O sure O that O a O phone O w/ O these O and O all O of O the O above O features O exists O just O yet O . O ... O I O 'm O not O sure O I O 'd O want O to O spend O THAT O much O time O w/ O a O device O , O anyhow O . O",Nokia 6600.txt,,[]
137,DEPENDABILITY B-aspect : O I O 've O seen O no O glitches O . O,Nokia 6600.txt,DEPENDABILITY[+3],['DEPENDABILITY']
138,I O 've O had O no O problems O w/ O this O phone B-aspect . O,Nokia 6600.txt,phone[+3][u],['phone']
139,"STYLING/ERGONOMICS O : O The O keys B-aspect are O small O , O which O generally O does O n't O bother O me O if O they O are O spaced O because O I O can O employ O a O little O 'Braille O , O ' O but O the O keys B-aspect run O into O each O other O , O so O careful O attn O . O must O be O paid O when O dialing O . O",Nokia 6600.txt,keys[-2][u],['keys']
140,"As O for O appearance O , O well O , O that O 's O subjective O . O",Nokia 6600.txt,,[]
141,Few O will O look O at O the O phone O and O know O it O 's O 'all O that O ' O . O,Nokia 6600.txt,,[]
142,It O 's O not O as O stylized B-aspect as O a O Sony O or O Samsung O . O,Nokia 6600.txt,stylized[-2][u],['stylized']
143,Less O Benz/obvious O ; O more O Audi/understated O . O,Nokia 6600.txt,,[]
144,"Although O it O has O chubby O hips O , O the O device O is O n't O really O so O big B-aspect . O",Nokia 6600.txt,big[+2][u],['big']
145,"Solid O , O squeak-free O , O large O screen B-aspect . O",Nokia 6600.txt,screen[+3],['screen']
146,MEMORY/STORAGE O - O Seemingly O boundless O . O,Nokia 6600.txt,MEMORY[+3],['MEMORY']
147,"First O of O all O , O the O phone O houses O a O great O deal O of O memory B-aspect for O multiple O videos O , O sound O clips O , O photos O , O texts O , O etc O . O",Nokia 6600.txt,memory[+3],['memory']
148,"Secondly O , O all O info O can O be O sent O to O a O computer O and O w/o O the O hassle O of O USB O wires O . O",Nokia 6600.txt,transmission[+3],['transmission']
149,Still O not O sure O ? O,Nokia 6600.txt,,[]
150,"If O you O max O out O the O phone O memory O and O have O sent O all O you O wish O to O a O computer O , O there O is O a O memory O card O w/ O a O good O deal O of O storage O as O well O . O",Nokia 6600.txt,,[]
151,This O is O no O small O deal O . O,Nokia 6600.txt,,[]
152,"If O you O 're O still O whining O about O storage O , O deleting O some O games O will O free-up O still O more O memory O . O",Nokia 6600.txt,,[]
153,RECEPTION O : O This O really O depends O on O locale O & O carrier O . O,Nokia 6600.txt,,[]
154,"The O 6600 B-aspect T-Mobile O is O the O true O 'world O phone O ' O in O that O it O has O the O mhz B-aspect to O operate O around O the O globe O , O including O New O Zealand O and O Australia O 900 O whereas O the O 6620 O available O from O Cingular O replaces O it O w/ O 800mhz B-aspect some O refer O to O as O 850 O . O",Nokia 6600.txt,"6600[+3],mhz[+3]","['6600', 'mhz']"
155,"The O latter O will O provide O better O coverage B-aspect in O more O remote O areas O of O The O States O but O still O operates O in O many O countries O , O excluding O New O Zealand O and O Australia O . O",Nokia 6600.txt,coverage[+3][u],['coverage']
156,The O 6600 B-aspect will O provide O similar O service B-aspect in O more O developed O areas O of O The O States O and O not O as O well O in O more O remote O areas O . O,Nokia 6600.txt,"6600[-2],service[-1]","['6600', 'service']"
157,"As O the O 6600 B-aspect uses O 900mhz O , O it O operates O in O more O countries O than O the O 6620 O . O",Nokia 6600.txt,6600[+3],['6600']
158,"The O battery B-aspect life I-aspect is O less O than O stellar O , O but O it O charges O w/ O the O quickness O . O",Nokia 6600.txt,battery life[+1],['battery life']
159,"Remember O , O this O phone O uses O an O operating B-aspect system I-aspect - O Symbian O ... O and O it O 's O feature-rich O w/ O 65k O colors O . O",Nokia 6600.txt,operating system[+3],['operating system']
160,"It O films O 10 O second O video B-aspect , O for O crying O out O loud O . O",Nokia 6600.txt,video[+3],['video']
161,The O battery B-aspect life I-aspect ca O n't O be O very O long O ; O let O 's O not O be O greedy O . O,Nokia 6600.txt,battery life[-1],['battery life']
162,GAMES O - O Java O . O,Nokia 6600.txt,,[]
163,"Do O n't O use O them O , O so O I O delete O them O for O addtl O space O . O",Nokia 6600.txt,game[-3],['game']
164,"In O my O humble O opinion O , O games O , O along O w/ O 'flip O phones O ' O belong O in O the O hands O of O teenagers O . O",Nokia 6600.txt,,[]
165,IMP O : O Two O important O pieces O of O advice O - O Visit O Nokia O 's O site O . O,Nokia 6600.txt,[s],[]
166,There O are O number O of O downloads B-aspect needed/available O for O this O phone O & O they O will O be O texted O to O you O at O no O cost O . O,Nokia 6600.txt,downloads[+3],['downloads']
167,The O downloads O are O for O basic O and O advanced O operations O . O,Nokia 6600.txt,,[]
168,The O second O piece O of O advice O - O Be O prepared O to O spend O a O lot O of O time O w/ O this O phone O . O,Nokia 6600.txt,[s],[]
169,"If O you O expect O to O be O able O to O pick O things O up O when O you O 're O out O and O in O a O rush O via O common O sense O , O many O times O you O 'll O end O up O frustrated O . O",Nokia 6600.txt,,[]
170,A O Sony O Ericcson O may O be O the O phone B-aspect for O you O ... O but O good O luck O finding O one O w/ O all O the O features O & O such O a O competitive O price O . O,Nokia 6600.txt,phone[+2][cc],['phone']
171,"Keep O in O mind O that O for O nearly O every O screen O , O there O are O a O number O 'along O side O ' O and O 'beneath O ' O them O ... O for O every O 'save O , O ' O there O are O choices O of O phone O memory O , O memory O card O or O sim O card O . O",Nokia 6600.txt,[s],[]
172,"Despite O a O critical O start O , O this O phone B-aspect deserves O four O stars O because O it O accomplishes O what O it O sets O out O to O do O which O is O pretty O lofty O ... O does O more O than O most O ... O does O it O well O ... O is O dependable O . O",Nokia 6600.txt,phone[+3],['phone']
173,"It O 's O a O high-line O Audi O , O on O a O Cadillac O suspension O , O at O a O reasonable O price O . O",Nokia 6600.txt,,[]
174,"When O you O consider O expandability O downloads O via O computer O , O the O numerous O features O , O two O transmission O programs O and O multiple O storage O devices O , O dependability O - O this O is O a O phone B-aspect that O is O n't O easy O to O out-grow O . O",Nokia 6600.txt,phone[-2],['phone']
175,I O would O suggest O this O phone O for O all O but O the O simple-minded O ... O or O those O who O simply O do O n't O need O so O many O features O . O,Nokia 6600.txt,[u],[]
176,"In O October O of O 2003 O , O I O bought O a O Nokia O 3650 O off O of O eBay O . O",Nokia 6600.txt,,[]
177,"It O was O an O OK O phone O with O a O really O nice O screen O , O great O battery O life O , O decent O signal O , O and O cool O applications O . O",Nokia 6600.txt,,[]
178,It O was O a O major O step O up O from O a O Sony O t68i O . O,Nokia 6600.txt,,[]
179,"The O 3650 O -- O being O essentially O a O mini-computer O -- O had O memory O leaks O and O occassional O crashing O , O but O nothing O that O a O quick O power O cycle O could O n't O help O . O",Nokia 6600.txt,,[]
180,"Most O importantly O , O it O allowed O me O to O get O on O the O Internet O via O Bluetooth O via O GPRS O flawlessly O . O",Nokia 6600.txt,,[]
181,"It O 's O a O nice O phone O , O and O I O 'm O glad O to O have O used O it O . O",Nokia 6600.txt,,[]
182,"In O July O of O 2004 O , O I O purchased O a O Nokia O 6600 O from O T-Mobile O . O",Nokia 6600.txt,,[]
183,"Since O I O use O my O Palm O PDA O and O T-Mobile O offers O unlimited O Internet O , O I O asked O the O sales O representative O if O I O could O use O this O phone O as O a O Bluetooth O modem O for O my O Palm O , O and O he O said O yes O . O",Nokia 6600.txt,,[]
184,So O I O bought O the O phone O and O went O on O my O merry O way O . O,Nokia 6600.txt,,[]
185,BLUETOOTH B-aspect DOES O NOT O WORK O ON O THIS O PHONE O . O,Nokia 6600.txt,BLUETOOTH[-3],['BLUETOOTH']
186,THE O ADVERTISING O IS O A O LIE O . O,Nokia 6600.txt,,[]
187,"Though O nearly O a O dozen O different O people O at O both O T-Mobile O and O Nokia O have O told O me O otherwise O , O it O is O simply O not O possible O to O use O this O phone O as O a O Bluetooth B-aspect modem O for O the O vast O majority O of O PDAs O and O many O other O devices O . O",Nokia 6600.txt,Bluetooth[-3],['Bluetooth']
188,"While O the O two O devices O will O pair O , O the O phone O will O immediately O drop O the O connection O if O any O data O is O transferred O . O",Nokia 6600.txt,,[]
189,"With O the O recent O `` O bluejacking O '' O vunerability O , O the O Bluetooth O overseers O have O created O a O new O security O system O called O Combination O Key O . O",Nokia 6600.txt,,[]
190,This O helps O prevent O people O from O sending O short O `` O obscene O '' O messages O to O your O phone O . O,Nokia 6600.txt,,[]
191,The O older O security O method O is O called O Unit O Key O . O,Nokia 6600.txt,,[]
192,"Most O Bluetooth O devices O only O support O the O older O security O system O , O Unit O Key O . O",Nokia 6600.txt,,[]
193,"This O includes O ALL O Palm O PDAs O ! O Further O , O due O to O an O unparalled O design O oversight O , O Nokia O is O the O only O device O that O supports O Combination O Key O that O is O NOT O BACKWARDS O COMPATIBLE O with O the O older O devices O that O people O actually O own O . O",Nokia 6600.txt,,[]
194,Does O all O this O sound O technical O ? O,Nokia 6600.txt,,[]
195,"That O 's O because O it O is O , O and O the O only O way O I O learned O it O was O by O spending O over O an O hour O talking O to O T-Mobile O 's O tier-3 O technicians O in O South O Africa O to O learn O that O the O problem O was O n't O about O T-Mobile O and O three O hours O of O getting O nowhere O with O Nokia O support O technicians O reading O endlessly O from O scripts O , O never O deviating O , O until O I O started O cursing O and O got O a O tier-2 O tech O . O",Nokia 6600.txt,,[]
196,Only O then O did O I O learn O the O truth O -- O THIS O PHONE B-aspect DOES O NOT O WORK O WITH O PALM O PDAS O ! O,Nokia 6600.txt,PHONE[-3],['PHONE']
197,"So O , O after O all O this O frustration O of O adding O all O of O my O newest O contacts O to O the O 6600 O , O I O asked O the O technician O if O it O were O possible O to O transfer O the O data O from O the O 6600 O to O the O 3650 O . O",Nokia 6600.txt,,[]
198,"He O advised O me O to O back O up O the O 6600 O to O a O newly O formatted O Nokia O MMC O card O , O and O restore O the O data O to O the O 3650 O . O",Nokia 6600.txt,,[]
199,"I O followed O the O technician O 's O directions O to O the O letter O while O they O were O on O the O phone O , O and O after O I O had O done O so O , O the O phone O restarted O and O displayed O the O message O `` O Phone O startup O failed O . O Contact O the O retailer O . O '' O",Nokia 6600.txt,,[]
200,I O spent O over O an O hour O talking O to O a O tier-2 O technician O who O told O me O that O their O tier-1 O technician O should O have O known O that O it O was O not O possible O to O backup O the O 6600 O to O the O 3650 O safely O in O any O condition O . O,Nokia 6600.txt,,[]
201,"I O could O not O get O the O 3650 O working O to O even O factory O defaults O , O even O after O trying O every O reset O code O they O could O muster O . O",Nokia 6600.txt,,[]
202,"Nokia O finally O determined O that O my O phone O was O in O need O of O repair O , O but O since O it O was O out O of O warranty O it O was O made O in O May O '03 O and O they O would O not O take O an O eBay O purchase O as O proof O they O refused O to O fix O the O phone O for O less O than O $ O 120 O ! O",Nokia 6600.txt,,[]
203,"After O over O two O hours O of O being O placed O on O hold O and O persuasion O , O a O supervisor O finally O agreed O to O fix O the O phone O for O free O . O",Nokia 6600.txt,,[]
204,I O did O a O little O research O and O discovered O that O the O repair O could O be O done O by O any O basic O cell-phone O for O $ O 30 O . O,Nokia 6600.txt,,[]
205,"All O that O had O to O be O done O was O restore O the O software O to O the O phone O , O and O all O that O took O was O a O cable O and O some O Nokia O software O . O",Nokia 6600.txt,,[]
206,"I O still O decided O to O send O in O the O phone O , O since O insured O shipping O was O only O $ O 10 O . O",Nokia 6600.txt,,[]
207,Two O weeks O later O I O mailed O the O phone O in O for O repair O . O,Nokia 6600.txt,,[]
208,"Two O days O after O they O received O the O phone O , O I O received O a O letter O in O my O mailbox O stating O that O if O I O did O not O pay O $ O 120 O for O the O repair O of O my O phone O , O it O would O be O returned O unrepaired O . O",Nokia 6600.txt,,[]
209,"I O called O Nokia O to O try O to O get O it O sorted O out O , O and O they O stated O that O they O had O no O recollection O of O ever O promising O to O repair O the O phone O for O free O . O",Nokia 6600.txt,,[]
210,They O stated O that O though O it O was O a O simple O repair O they O would O not O do O it O for O less O than O $ O 120 O . O,Nokia 6600.txt,,[]
211,I O suggested O that O it O did O n't O make O sense O for O me O to O send O in O the O phone O for O repair O if O I O thought O Nokia O would O charge O me O $ O 120 O to O repair O it O since O I O could O get O it O done O locally O for O $ O 30 O . O,Nokia 6600.txt,,[]
212,"This O simple O nuance O was O too O much O for O nokia B-aspect , O and O they O still O refuse O to O acknoledge O the O fact O that O their O technician O could O have O broken O the O phone O or O repair O the O phone O for O free O . O",Nokia 6600.txt,nokia[-3],['nokia']
213,"The O supervisor O stated O that O it O must O have O been O third-party O applications O on O the O 6600 O that O caused O the O 3650 O to O break O , O and O would O not O take O the O suggestion O that O his O own O tier-2 O technicians O stated O that O it O was O not O possible O to O back O up O the O 6600 O to O the O 3650 O without O damaging O the O 3650 O , O regardless O of O what O was O or O was O not O on O the O 6600 O . O",Nokia 6600.txt,,[]
214,"In O short O - O Nokia B-aspect themselves O do O n't O know O that O this O phone O does O n't O work O with O the O Palm O , O and O if O you O do O n't O heed O my O advice O you O will O spend O hours O with O technicians O around O the O globe O reading O from O scripts O , O chiding O you O in O broken O english O for O not O following O their O directions O exactly O . O",Nokia 6600.txt,Nokia[-3],['Nokia']
215,"You O will O also O hard-reset O both O your O Palm O and O your O Nokia O to O factory O defaults O in O their O lame O attempts O to O get O the O script O to O work O , O though O it O will O not O . O",Nokia 6600.txt,,[]
216,"Ultimately O you O will O learn O just O how O bad O Nokia B-aspect is O , O and O why O their O recent O loss O of O market O share O is O so O utterly O deserved O . O",Nokia 6600.txt,Nokia[-3],['Nokia']
217,The O title O pretty O much O says O it O all O . O,Nokia 6600.txt,,[]
218,The O photos B-aspect in O the O address O book O are O terribly O scaled O too O ; O they O look O as O though O they O were O built O out O of O legos O . O,Nokia 6600.txt,photos[-3],['photos']
219,This O phone B-aspect is O one O of O the O best O I O 've O ever O used O . O,Nokia 6600.txt,phone[+3],['phone']
220,"It O has O everything O I O needed O : O bluetooth O , O infrared O , O support O for O MMC O , O camera O , O and O a O good O operating O system O with O lots O of O supporting O software O . O",Nokia 6600.txt,phone[+3][p],['phone']
221,I O would O have O given O this O phone B-aspect 5 O stars O if O it O was O n't O for O the O fact O that O I O would O rather O use O my O 3330 O to O do O all O the O most O common O things O you O do O with O a O phone B-aspect . O,Nokia 6600.txt,phone[+2][cs],['phone']
222,"It O 's O important O that O people O know O the O following O : O First O , O the O interface B-aspect is O slow O . O",Nokia 6600.txt,interface[-3],['interface']
223,You O hit O the O message O button O on O the O front O and O it O takes O a O matter O of O SECONDS O to O bring O up O the O menu O . O,Nokia 6600.txt,interface[-3][u],['interface']
224,"Same O with O the O contacts O list O , O recent O call O list O and O everything O else O . O",Nokia 6600.txt,,[]
225,"Secondly O , O in O addition O to O the O lag B-aspect each O time O you O give O a O command O , O it O 's O just O not O that O easily O useable B-aspect on O the O go O . O",Nokia 6600.txt,"lag[-3],useable[-2]","['lag', 'useable']"
226,"The O number B-aspect buttons I-aspect are O crammed O into O a O 3x4cm O area O , O the O fonts B-aspect are O small O , O the O interface B-aspect is O too O convoluted O and O frustrating O , O it O 's O not O that O customisable O as O well O . O",Nokia 6600.txt,"number buttons[-3],fonts[-1],interface[-2]","['number buttons', 'fonts', 'interface']"
227,"The O plusses O are O the O features O , O look B-aspect , O good O signal O and O battery B-aspect life I-aspect , O memory B-aspect size O and O robustness O . O",Nokia 6600.txt,"look[+3],battery life[+3],memory[+3]","['look', 'battery life', 'memory']"
228,"The O camera B-aspect and O video B-aspect functionality O is O decent O , O I O ca O n't O see O myself O wasting O my O time O with O it O , O but O some O people O will O . O",Nokia 6600.txt,"camera[+2],video[+2]","['camera', 'video']"
229,All O in O all O I O would O say O wait O for O the O cell O phone O companies O to O create O a O PDA/cell O hybrid O that O is O efficient O and O easy O to O use O as O a O phone O . O,Nokia 6600.txt,[s],[]
230,this O is O a O great O phone B-aspect i O have O this O phone B-aspect since O Feb O 04 O and O i O never O have O any O problem O at O all O . O,Nokia 6600.txt,phone[+3],['phone']
231,very O cool O features B-aspect ... O great O camera B-aspect with O zoom O ... O cool O quality O pictures O ... O great O ringtones B-aspect ... O bluetooth B-aspect feature O is O great O ... O . O,Nokia 6600.txt,"features[+3],camera[+3],ringtones[+3],bluetooth[+3]","['features', 'camera', 'ringtones', 'bluetooth']"
232,I O have O purchased O two O of O these O phones O together O from O the O Amazon O market O place O . O,Nokia 6600.txt,,[]
233,"If O you O are O purchasing O this O phone O , O then O make O sure O you O can O handle O the O speed O of O this O phone O . O",Nokia 6600.txt,[s],[]
234,"This O phone B-aspect is O not O suitable O for O fast O people O , O maybe O only O for O old O people O . O",Nokia 6600.txt,phone[-3][u],['phone']
235,The O menu O pops O up O after O 3 O seconds O The O picture O takes O a O while O to O load O from O its O slow B-aspect card O memory O . O,Nokia 6600.txt,slow[-3][u],['slow']
236,The O navigation O takes O so O much O time B-aspect that O it O would O eventually O drive O you O crazy O . O,Nokia 6600.txt,time[-3][u],['time']
237,"Its O like O having O a O 66Mhz O computer O with O a O webcam O , O fax O , O printer O , O blue O tooth O ... O etc O ... O Just O an O example.. O",Nokia 6600.txt,,[]
238,I O bet O most O of O the O users O of O this O phone O would O agree O . O,Nokia 6600.txt,,[]
239,"Sometimes O , O the O phone O gets O stuck O just O like O a O computer O and O it O doesnt O store O any O incoming O call O numbers..etc.. O",Nokia 6600.txt,,[]
240,"If O you O find O a O better O phone O , O then O I O suggest O you O go O for O it O . O",Nokia 6600.txt,[s],[]
241,"At O first O glance O , O I O thought O this O phone O was O a O little O too O big B-aspect for O me O , O maybe O a O little O too O complicated O . O",Nokia 6600.txt,big[-2][u],['big']
242,One O minute O with O the O salesman O and O I O was O sold O . O,Nokia 6600.txt,,[]
243,This O thing O does O everything O but O washes O your O dishes O . O,Nokia 6600.txt,phone[+3][p],['phone']
244,"I O can O use O it O as O a O modem B-aspect for O my O computer O , O connect O with O clients O and O friends O , O the O possibilities O are O endless O . O",Nokia 6600.txt,modem[+3][p],['modem']
245,"The O ringtones B-aspect are O beautiful O , O the O screen B-aspect is O super O high O quality O . O",Nokia 6600.txt,"ringtones[+3],screen[+3]","['ringtones', 'screen']"
246,I O could O go O on O and O on O -- O -but O I O wo O n't O ! O,Nokia 6600.txt,,[]
247,Go O see O for O yourself O . O,Nokia 6600.txt,,[]
248,The O ONLY O bad O thing O ? O,Nokia 6600.txt,,[]
249,"I O can O NOT O find O a O carrier B-aspect for O this O phone O I O like O , O end O up O just O tossing O it O in O my O purse O . O",Nokia 6600.txt,carrier[-3],['carrier']
250,I O do O not O need O to O repeat O what O 's O great O about O this O phone B-aspect . O,Nokia 6600.txt,phone[+3],['phone']
251,A O few O things O that O I O want O to O suggest O for O improvements O : O,Nokia 6600.txt,,[]
252,1 O phone O card O calling O feature O . O,Nokia 6600.txt,,[]
253,This O phone O does O n't O include O Phone B-aspect card I-aspect calling I-aspect . O,Nokia 6600.txt,Phone card calling[-3],['Phone card calling']
254,"So O you O have O to O dial O your O phone O card O access O number O , O PIN O card O , O and O choose O `` O send O touch O tone O '' O and O find O your O contact O from O the O address O book O . O",Nokia 6600.txt,,[]
255,This O process O can O be O very O annoying O and O unsafe O when O you O are O driving O a O stick O shift O on O the O highway O . O,Nokia 6600.txt,phone card calling[-3],['phone card calling']
256,"For O phone O card O with O PIN O Free O dialing O setup O , O you O are O a O little O bit O lucky O . O",Nokia 6600.txt,,[]
257,All O you O need O to O do O is O to O choose O your O `` O phone O card O '' O contact O and O then O `` O send O touch O tone O '' O and O choose O the O contact O . O,Nokia 6600.txt,,[]
258,This O feature O is O very O important O to O me O as O I O make O a O lot O of O international O calls O . O,Nokia 6600.txt,,[]
259,My O old O Sony O Ericsson O T610 O has O this O feature B-aspect . O,Nokia 6600.txt,feature[-3][cc],['feature']
260,All O I O need O to O do O is O to O choose O the O contact O and O in O option O select O `` O calling O card O call O '' O . O,Nokia 6600.txt,,[]
261,2 O Low O volume O on O regular O answering O . O,Nokia 6600.txt,,[]
262,"In O noisy O environment O , O it O 's O hard O to O hear B-aspect from O the O earpiece O . O",Nokia 6600.txt,hear[-3][u],['hear']
263,"You O have O to O use O speaker O or O handsfree O , O to O get O larger O volume O . O",Nokia 6600.txt,,[]
264,Speaker O volume B-aspect is O loud O and O clear O but O it O sacrifaces O the O battery O life O . O,Nokia 6600.txt,volume[-3][u],['volume']
265,Most O of O thew O reviews O are O high O for O this O phone O ... O ... O,Nokia 6600.txt,,[]
266,My O explanation O is O that O most O of O the O reviewers O are O americans O that O live O in O the O states O ... O .. O,Nokia 6600.txt,,[]
267,"the O difference O is O : O until O recently O there O have O been O no O GSM O networks O in O a O wide O scale O , O so O most O cell O network O companies O supplied O consumers O with O cells O , O we O in O the O middle O east O for O example O have O stopped O using O years O ago O ... O . O",Nokia 6600.txt,,[]
268,So O no O wonder O a O lot O of O people O find O the O 6600 O such O a O miracle O . O,Nokia 6600.txt,,[]
269,"I O have O purchased O the O 6600 O when O it O was O first O released O in O The O Middle O East O , O almost O a O month O before O Europe O , O and O reading O the O brochures O and O features O , O it O really O did O sound O like O a O true O all-in-one O functionality O monster O . O",Nokia 6600.txt,,[]
270,"Unfortunately O , O I O sold O it O exactly O a O month O later O . O",Nokia 6600.txt,phone[-3][p],['phone']
271,"1-A O cell O phone O is O to O make O CALLS O , O in O other O words O , O quality O of O reception O and O mic/speaker O are O the O most O important O , O the O 6600 O has O a O relatively O low O volume B-aspect speaker O , O you O 'd O have O to O press O it O hard O against O your O ear O to O hear O anything O the O other O person O is O saying O , O unless O the O surroundings O were O completely O quiet O . O",Nokia 6600.txt,volume[-3],['volume']
272,2- O It O is O bulky B-aspect and O the O small O buttons B-aspect on O the O sides O are O sloppy O to O use O . O,Nokia 6600.txt,"bulky[-3][u],buttons[-3]","['bulky', 'buttons']"
273,"3- O It O is O SLOW B-aspect , O if O you O keep O the O original O configuration O and O progs O why O 'd O u O buy O it O then O ? O ! O it O 'll O run O smoothly O , O but O still O slower O than O most O other O coloured-screen O Nokias O . O",Nokia 6600.txt,SLOW[-3][cs],['SLOW']
274,"As O soon O as O you O copy O video/audio O files O and O add O some O programs O and O games O , O it O WILL O hang O at O least O 5-10 O times O a O day O . O",Nokia 6600.txt,,[]
275,A O firmware O upgrade O is O irrelevant O . O,Nokia 6600.txt,,[]
276,"4- O My O idea O was O that O it O was O an O all-in-one O , O and O that O theory O -once O again- O proves O wrong O , O this O phone B-aspect excells O at O nothing O , O less O than O average O in O everything O , O if O you O seriously O need O any O of O the O `` O other O than O phone B-aspect '' O functionalities O , O you O 'll O be O disappointed O ... O . O if O you O have O lots O of O money O and O bought O it O for O the O love O of O gadgets O then O fine O ... O . O but O do O n't O expect O to O get O much O done O . O",Nokia 6600.txt,phone[-3],['phone']
277,"5- O If O you O already O have O a O girlfriend O and/or O wife O , O you O wo O n't O need O Bluetooth O lol O . O",Nokia 6600.txt,,[]
278,"Basically O the O 6600 O is O a O bundle O of O over-hyped O features B-aspect you O do O n't O and O wo O n't O need O if O you O do O get O yourself O a O PDA O or O pocket O PC O , O none O of O them O work O as O they O should O , O and O the O basic O phone O functions O and O ergonomics O are O less O than O average O . O",Nokia 6600.txt,features[-3],['features']
279,"I O 'm O an O advocate O of O Nokia O , O but O this O phone B-aspect and O the O following O models O 7610 O , O are O seemingly O a O desperate O trial O at O squeezing O as O much O under-engineered O and O experimental O technologies O in O one O sloppy O phone B-aspect . O",Nokia 6600.txt,phone[-3][cs],['phone']
280,"I O 'm O giving O it O 1 O star O because O as O compared O to O other O Nokia O phones B-aspect , O its O a O 1 O , O compared O to O other O blunders O by O other O companies O such O a O samsung O and O motorrola O it O might O be O good O ... O . O but O if O you O 're O getting O a O Nokia O , O do O n't O get O this O one O . O",Nokia 6600.txt,phones[-3][cs],['phones']
281,I O bought O this O phone O a O few O months O ago O and O I O have O been O using O it O since O then O . O,Nokia 6600.txt,,[]
282,I O never O had O a O single O problem O . O,Nokia 6600.txt,phone[+3][u],['phone']
283,It O is O Nokia O and O thus O easy O to O acces O the O menu B-aspect options O . O,Nokia 6600.txt,menu[+3],['menu']
284,High O quality O video B-aspect and O pictures B-aspect rock O ! O,Nokia 6600.txt,"video[+3],pictures[+3]","['video', 'pictures']"
285,3 O band B-aspect and O you O can O just O change O the O SIM O card O in O it O to O be O able O to O use O it O in O Europe O with O another O service O provider O . O,Nokia 6600.txt,band[+3],['band']
286,Bottom O line O great O phone B-aspect for O the O time O being O . O,Nokia 6600.txt,phone[+3],['phone']
287,"I O use O a O Nokia O 6600 O , O it O has O a O great O color B-aspect TFT I-aspect display I-aspect and O camera B-aspect equipped O with O zoom O , O which O complement O a O built-in O video B-aspect recorder O with O audio O and O a O RealOne O player O for O playback O and O streaming O of O 3GPP-compatible O and O RealMedia O video B-aspect clips O . O",Nokia 6600.txt,"color TFT display[+3][u],camera[+3],video[+3]","['color TFT display', 'camera', 'video']"
288,Multimedia B-aspect functions I-aspect are O enhanced O by O multi-slide O MMS O messages O and O a O Gallery O for O organizing O digital O content O captured O or O downloaded O with O the O phone O . O,Nokia 6600.txt,Multimedia functions[+3],['Multimedia functions']
289,"So O , O do O I O recommend O the O 6600 O ? O",Nokia 6600.txt,,[]
290,"Yes O , O certainly O . O",Nokia 6600.txt,[s],[]
291,"But O if O you O are O in O the O market O for O a O new O business O capable O phone O , O and O do O n't O want O to O deal O with O a O stylus O equipped O PDA O like O device O such O as O the O P900 O , O then O the O 6600 O will O probably O suit O you O just O fine O . O",Nokia 6600.txt,,[]
292,The O Nokia O 6600 B-aspect is O a O decent O extension O of O the O smartphone O line O . O,Nokia 6600.txt,6600[+3],['6600']
293,"The O phone O has O such O advantages O as O the O excellent O keypad B-aspect and O display B-aspect , O long O rundown B-aspect time I-aspect and O a O good O software B-aspect suite O . O",Nokia 6600.txt,"keypad[+3],display[+3][u],rundown time[+3][u],software[+3]","['keypad', 'display', 'rundown time', 'software']"
294,Among O its O weak O points O is O the O MMC B-aspect slot I-aspect location O and O a O bit O vague O design B-aspect . O,Nokia 6600.txt,"MMC slot[-2],design[-2]","['MMC slot', 'design']"
295,"In O short O , O the O Nokia O 6600 B-aspect is O an O evolution O but O not O a O revolution O . O",Nokia 6600.txt,6600[+2],['6600']
296,"I O 'm O sure O you O can O read O the O specs O above O to O see O everything O it O does O , O but O for O me O the O best O thing O is O that O I O can O easily O check O my O email O , O movie O times O , O news O , O or O any O website O with O this O phone O . O",Nokia 6600.txt,multimedia[+3],['multimedia']
297,You O can O take O pic O of O your O friends O and O the O picture B-aspect will O pop O up O when O they O call O . O,Nokia 6600.txt,picture[+3],['picture']
298,Give O each O friend O a O different O ringtone B-aspect . O,Nokia 6600.txt,ringtone[+3],['ringtone']
299,Get O great O themes B-aspect and O wallpapers O for O this O phone O and O many O many O polyphonic O rings B-aspect . O,Nokia 6600.txt,"rings[+3],themes[+3]","['rings', 'themes']"
300,A O huge O beautiful O color O screen B-aspect which O can O not O been O scratched O at O all O even O with O the O rough O handling O i O give O it O . O,Nokia 6600.txt,screen[+3],['screen']
301,"Nokia B-aspect makes O great O phones B-aspect , O and O this O one O is O the O cream O of O the O crop O . O",Nokia 6600.txt,"Nokia[+3],phones[+3]","['Nokia', 'phones']"
302,"Best O phone B-aspect i O 've O ever O owned O , O period O . O",Nokia 6600.txt,phone[+3],['phone']
303,"I O 've O been O using O this O phone O for O 3 O days O now O , O and O while O I O admit O that O seems O does O n't O seem O like O very O long O -- O I O should O also O point O out O that O I O 've O been O using O it O almost O non-stop O . O",Nokia 6600.txt,,[]
304,"Frankly O , O I O think O this O is O one O of O the O niftiest O pieces O of O hardware O I O 've O ever O used O . O",Nokia 6600.txt,phone[+3][p],['phone']
305,"It O is O slow O to O initially O start O up O , O but O once O it O 's O turned O on O , O I O 've O never O had O any O complaints O about O the O speed B-aspect . O",Nokia 6600.txt,speed[+2],['speed']
306,"Over O the O past O three O days O , O I O 've O only O had O to O turn O the O phone O off O twice O , O so O I O rarely O have O to O deal O with O the O delay O in O initially O booting O the O phone O . O",Nokia 6600.txt,,[]
307,"Everything O , O so O far O , O has O worked O flawlessly O . O",Nokia 6600.txt,phone[+3][u],['phone']
308,I O 've O synched O it O with O my O PC O over O bluetooth O . O,Nokia 6600.txt,,[]
309,I O 've O synched O it O with O my O Jabra O 250 O bluetooth O headset O . O,Nokia 6600.txt,,[]
310,"I O 've O been O on O the O phone O , O while O browsing O the O net O over O a O GPRS O connection O , O while O sending O a O text O message O . O",Nokia 6600.txt,,[]
311,"All O at O the O same O time O , O and O all O without O a O hitch O . O",Nokia 6600.txt,phone[+3][u],['phone']
312,I O think O the O interface B-aspect is O great O . O,Nokia 6600.txt,interface[+3],['interface']
313,"I O actually O purchased O two O phones O recently O this O one O at O the O new O Blackberry O phone O , O and O this O one O is O far O superior O IMHO O . O",Nokia 6600.txt,6600[+3][cc],['6600']
314,"In O short O , O I O do O n't O have O a O single O negative O thing O to O say O . O",Nokia 6600.txt,,[]
315,"I O love O the O features B-aspect , O the O interface B-aspect , O the O size B-aspect the O screen O is O a O delight O , O the O camera B-aspect though O I O admit O I O 'm O not O much O of O a O camera B-aspect user O -- O so O just O a O toy O for O me O , O the O internet B-aspect connectivity I-aspect , O the O quality B-aspect , O etc O . O",Nokia 6600.txt,"features[+3],interface[+3],size[+3],camera[+3],internet connectivity[+3],quality[+3]","['features', 'interface', 'size', 'camera', 'internet connectivity', 'quality']"
316,"If O I O had O to O do O it O over O , O I O would O n't O buy O anything O else O . O",Nokia 6600.txt,phone[+3],['phone']
317,I O bought O this O phone O after O having O other O phones O that O had O less-than-consistant O reception O . O,Nokia 6600.txt,,[]
318,"UPSIDE O : O This O one O , O like O most O Nokias O , O receives O a O consistently O strong O signal B-aspect I O 've O tried O some O Samsung O and O Sony O Ericsson O models O which O were O very O weak O on O the O reception O front O . O",Nokia 6600.txt,signal[+3][u][cc],['signal']
319,I O love O the O Bluetooth B-aspect ; O easy O to O use O with O a O wireless O Jabra O headset O . O,Nokia 6600.txt,Bluetooth[+3],['Bluetooth']
320,Photos B-aspect are O pretty O darned O good O ! O,Nokia 6600.txt,Photos[+3],['Photos']
321,DOWNSIDE O : O It O takes O a O long O time O to O start O up O . O,Nokia 6600.txt,speed[-3][u],['speed']
322,My O last O simpler O Nokia O started O right O up O and O was O immediately O ready O for O use O . O,Nokia 6600.txt,speed[-3][u][cs],['speed']
323,The O `` O movies B-aspect '' O last O about O 5 O seconds O . O,Nokia 6600.txt,movies[-3][u],['movies']
324,"I O mean O , O they O 're O short O ! O",Nokia 6600.txt,movies[-3][u],['movies']
325,Why O have O the O function O if O you O ca O n't O film O anything O longer O than O e O few O seconds O ? O,Nokia 6600.txt,,[]
326,"I O find O this O feature B-aspect on O this O phone O useless O , O but O , O since O I O do O n't O really O need O this O function O anyway O , O I O do O n't O really O use O it O . O",Nokia 6600.txt,feature[-3],['feature']
327,"Also O , O when O I O dial O an O `` O 800 O '' O number O like O an O airline O , O it O will O not O allow O me O to O use O number O keys O to O navigatee B-aspect the O prerecorded O menu O . O",Nokia 6600.txt,navigatee[-3],['navigatee']
328,"This O is O a O MUST O when O you O need O to O get O flight O times O , O connect O to O reservations O , O etc O . O",Nokia 6600.txt,,[]
329,"Finally O , O after O about O a O week O 's O use O , O the O screen B-aspect started O to O freeze O on O me O . O",Nokia 6600.txt,screen[-3],['screen']
330,It O would O not O hang O up O on O calls B-aspect . O,Nokia 6600.txt,calls[-3][p],['calls']
331,"Once O it O froze O so O bad O I O could O n't O even O use O the O power O button O to O turn O it O off O , O and O had O to O open O and O take O out O the O battery O . O",Nokia 6600.txt,screen[-3][p],['screen']
332,"Probably O a O great O phone B-aspect overall O , O and O perhaps O mine O just O has O bugs O . O",Nokia 6600.txt,phone[+2],['phone']
333,But O beware O of O the O bugs O ; O they O are O major O ! O,Nokia 6600.txt,,[]
334,What O I O have O found O useful O to O consider O before O purchasing O a O phone O : O - O decent O battery O life O - O good O call O quality O - O user-friendly O interface O - O camera/video O functions O - O bluetooth O - O ability O to O sync O contacts O stored O in O the O PC O with O the O phone O no O more O manual O entries O ! O,Nokia 6600.txt,,[]
335,"With O one O of O the O most O intuitive O user-interfaces B-aspect around O , O seamless O bluetooth B-aspect sync O with O Microsoft O Outlook O , O support O for O thousands O of O applications B-aspect for O the O Symbian O platform O which O this O phone O runs O on O I O own O the O IR O Remote O , O ICQ O and O a O few O others O , O the O Nokia O 6600 B-aspect is O all O of O the O above O - O one O of O the O few O phones O from O T-Mobile O that O can O claim O such O a O distinction O . O",Nokia 6600.txt,"user-interfaces[+3],bluetooth[+3],applications[+3],6600[+3]","['user-interfaces', 'bluetooth', 'applications', '6600']"
336,Ive O had O this O phone B-aspect for O a O year O now O - O and O its O the O best O phone B-aspect I O have O owned O . O,Nokia 6600.txt,phone[+3],['phone']
337,The O only O con O I O can O think O of O is O the O lack O of O a O mega-pixel O camera B-aspect . O,Nokia 6600.txt,camera[-2],['camera']
338,Motorola O 's O phones O are O well O engineered O but O have O an O user O interface O that O reflects O very O poorly O on O what O is O otherwise O an O excellent O engineering O company O . O,Nokia 6600.txt,,[]
339,Its O a O real O shame O that O T-Mo O does O not O offer O the O newer O Nokia O models O . O,Nokia 6600.txt,,[]
340,"According O to O a O survey O , O more O customers O are O ordering O their O cell O phone O and O service O from O AMAZON.COM O",Nokia 6600.txt,,[]
341,"But O if O you O are O one O of O the O customers O contributing O to O this O , O its O a O big O mistake O . O",Nokia 6600.txt,[s],[]
342,I O have O ordered O 2 O `` O cell O phone O + O service O '' O s O from O Amazon O . O,Nokia 6600.txt,,[]
343,"The O first O shipment O took O such O a O long O time O , O I O had O to O cancel O it O . O",Nokia 6600.txt,,[]
344,The O second O one O is O on O hold O for O almost O 2 O weeks O with O a O message O that O `` O Can O be O delayed O further O '' O . O,Nokia 6600.txt,,[]
345,"So O if O you O order O one O of O the O top O 10 O bestselling O phones O from O Amazon O now O , O it O will O take O at O least O 3 O weeks O for O your O shipment O to O be O delivered O ... O guess O Amazon O is O waiting O for O seconds O to O re-package O , O",Nokia 6600.txt,[s],[]
346,"This O may O be O a O really O cool O phone B-aspect , O but O it O 's O not O worth O it O with O T-Mobile O . O",Nokia 6600.txt,phone[+2],['phone']
347,They O have O the O worst O service B-aspect of O any O of O the O major O companies O . O,Nokia 6600.txt,service[-3][p],['service']
348,"I O really O regret O signing O up O with O T-Mobile B-aspect , O but O I O 'm O stuck O with O them O for O the O next O 6 O months O of O the O contract O . O",Nokia 6600.txt,T-Mobile[-3],['T-Mobile']
349,"If O you O 're O looking O for O a O new O company O , O do O n't O be O fooled O by O the O service O plans O . O",Nokia 6600.txt,[s],[]
350,T-Mobile O 's O minute O plans O are O cheaper O for O a O reason O . O,Nokia 6600.txt,,[]
351,This O phone B-aspect is O fantastic O . O,Nokia 6600.txt,phone[+3],['phone']
352,"Great O reception B-aspect , O visibility B-aspect and O interface B-aspect may O be O complicated O by O others O . O",Nokia 6600.txt,"reception[+3],visibility[+3],interface[+3]","['reception', 'visibility', 'interface']"
353,Just O do O n't O get O drawn O into O T-Mobile O 's O catchy O rebate B-aspect . O,Nokia 6600.txt,rebate[-3],['rebate']
354,T-Mobile O was O n't O upfront O about O some O of O the O terms O to O qualify O for O the O rebate B-aspect . O,Nokia 6600.txt,rebate[-3],['rebate']
355,I O highly O recommend O this O phone B-aspect . O,Nokia 6600.txt,phone[+3],['phone']
356,I O had O a O Sony B-aspect ericsson I-aspect T610 I-aspect before O this O and O the O T610 O is O far O inferior O . O,Nokia 6600.txt,Sony ericsson T610[+3][cc],['Sony ericsson T610']
357,"I O find O it O difficult O to O remove O back B-aspect cover I-aspect so O is O you O plan O to O have O a O spare O battery O and O replace O it O I O suggest O you O do O n't O , O besides O it O has O a O long O battery B-aspect life I-aspect . O",Nokia 6600.txt,"back cover[-2], battery life[+3]","['back cover', 'battery life']"
358,Im O able O to O keep O my O phone O on O for O about O a O week O mostly O stand O by O to O three O days O regular O use O,Nokia 6600.txt,battery life[+3][u],['battery life']
359,I O used O to O work O with O t-mobile.. O,Nokia 6600.txt,,[]
360,"i O have O owned O many O phones O with O them O such O as O v60 O , O 6190 O , O e715 O , O 6610 O , O v66 O , O v205 O ... O . O and O the O list O can O go O on O ! O",Nokia 6600.txt,,[]
361,but O this O by O far O is O the O best O phone B-aspect out O there O right O now O ! O,Nokia 6600.txt,phone[+3],['phone']
362,"yes O it O is O a O bit O large B-aspect , O but O the O realestate O on O the O screen B-aspect will O spoil O you O ! O",Nokia 6600.txt,"large[-1][u],screen[+3]","['large', 'screen']"
363,i O have O a O hard O time O using O other O phones O with O smaller O screens B-aspect ! O ! O ! O,Nokia 6600.txt,screens[+3][cc],['screens']
364,"the O OS B-aspect is O abit O confusing O at O 1st O , O but O within O a O few O days O you O will O pass O this O learning O curve O ! O",Nokia 6600.txt,OS[-1],['OS']
365,I O use O this O phone O as O my O quick O and O dirty O digital O camera O ! O,Nokia 6600.txt,,[]
366,"the O pics B-aspect can O be O touched O up O in O photoshop O , O and O be O printed O at O 4x6 O and O they O look O great O ! O",Nokia 6600.txt,pics[+3],['pics']
367,i O also O use O the O phone O as O my O modem O via O bluetooth B-aspect to O my O Apple O powerbook O ! O,Nokia 6600.txt,bluetooth[+3],['bluetooth']
368,"The O speed O is O the O same O as O dail O up O , O where O i O live O we O do O not O have O wifi O everywhere O so O this O is O my O version O of O it O until O we O catch O up O . O",Nokia 6600.txt,bluetooth[+3][u],['bluetooth']
369,I O have O used O this O wireless O internet O almost O everywhere O i O travel O and O it O works O great O . O,Nokia 6600.txt,,[]
370,If O you O own O an O apple O you O can O isync O it O to O your O address O book O so O that O you O have O all O of O you O numbers O in O two O places O ... O .. O in O case O you O lose O your O phone O get O INSURACE O,Nokia 6600.txt,,[]
371,the O stand O by O is O really O good O considering O all O the O toys O this O phone O has O and O the O screen O size O ! O,Nokia 6600.txt,,[]
372,i O would O highly O recommmend O ... O ... O oh O and O i O have O owned O this O baby O for O like O 6 O months O now O,Nokia 6600.txt,[s],[]
373,The O phone B-aspect itself O is O pretty O nice O . O,Nokia 6600.txt,phone[+3],['phone']
374,Camera B-aspect quality I-aspect is O n't O bad O for O the O low O resolution O . O,Nokia 6600.txt,Camera quality[+2],['Camera quality']
375,"Menu B-aspect is O a O bit O slow O , O but O overall O , O phone B-aspect is O very O functional O . O",Nokia 6600.txt,"Menu[-1][u],phone[+3][u]","['Menu', 'phone']"
376,But O watch O the O Amazon O rebates O on O these O T-Mobile O rebate O is O fine O . O,Nokia 6600.txt,,[]
377,You O have O to O wait O to O get O your O second O bill O before O you O can O send O the O rebate O form O in O . O \ O,Nokia 6600.txt,,[]
378,"Depending O on O the O timing O of O the O postmark O date O , O you O do O n't O get O your O second O bill O until O the O postmark O date O passes O , O so O it O 's O impossible O to O qualify O for O the O rebate O . O",Nokia 6600.txt,,[]
379,This O phone O has O a O nice O blend O of O features B-aspect without O going O overboard O . O,Nokia 6600.txt,features[+3],['features']
380,I O was O using O a O Motorola B-aspect T720i I-aspect with O Verizon O and O I O had O alot O of O dropped O calls B-aspect and O I O had O troubles O syncing B-aspect data I-aspect . O,Nokia 6600.txt,"Motorola T720i[-3][cc],calls[-3][cc],syncing data[-3][cc]","['Motorola T720i', 'calls', 'syncing data']"
381,"I O was O looking O for O a O phone O which O synced O with O Mac O OSX O using O Bluetooth B-aspect , O had O decent O battery B-aspect life I-aspect , O could O check O email O , O had O good O reception B-aspect , O nice O screen B-aspect size O and O was O durable O I O break O often O break O small O gadgets O",Nokia 6600.txt,"Bluetooth[+3],battery life[+3],reception[+3],screen[+3]","['Bluetooth', 'battery life', 'reception', 'screen']"
382,The O interface B-aspect is O simple O to O use O . O,Nokia 6600.txt,interface[+3],['interface']
383,I O saw O a O few O complaints O on O the O load B-aspect time I-aspect of O menus B-aspect and O I O feel O people O are O over-exaggerating O the O menu B-aspect load B-aspect time I-aspect . O,Nokia 6600.txt,"menus[-2],menu[-2],load time[-2]","['menus', 'menu', 'load time']"
384,"I O have O a O couple O hundred O contacts O and O the O menu B-aspect loads O within O a O few O seconds O , O no O big O deal O . O",Nokia 6600.txt,menu[+2][u],['menu']
385,I O did O notice O if O you O turn O the O phone O on O and O off O the O OS O takes O a O bit O to O load O up O and O initially O the O menus B-aspect are O slower O but O once O the O phone O has O been O on O and O booted O up O the O menus B-aspect are O reasonably O quicker O . O,Nokia 6600.txt,menus[+2][u],['menus']
386,The O camera B-aspect is O adequate O and O if O I O want O high-res O photos O I O 'll O use O my O digital O camera B-aspect instead O . O,Nokia 6600.txt,camera[+2],['camera']
387,On O the O T-Mobile B-aspect service I-aspect I O was O able O to O take O pics O as O we O drove O across O I70 O and O email O them O to O family O & O friends O once O we O reached O a O T-Mobile O tzone O usually O a O major O city O . O,Nokia 6600.txt,T-Mobile service[+3],['T-Mobile service']
388,Outside O of O the O T-Mobile B-aspect service I-aspect area O the O phone O seamlessly O jumped O onto O AT O & O T O Wireless O and O various O other O services O where O the O T-Mobile B-aspect service I-aspect was O unavailable O . O,Nokia 6600.txt,T-Mobile service[+3],['T-Mobile service']
389,As O I O drove O across O the O country O I O lost O reception B-aspect only O in O eastern O Kentucky O 's O mountains O . O,Nokia 6600.txt,reception[+3],['reception']
390,"Along O the O way O we O compared O it O to O my O wife O 's O T720i O and O the O 6600 B-aspect was O superior O in O terms O of O battery B-aspect life I-aspect , O connectivity B-aspect bars I-aspect and O features B-aspect . O",Nokia 6600.txt,"6600[+3][cs],battery life[+3],connectivity bars[+3],features[+3]","['6600', 'battery life', 'connectivity bars', 'features']"
391,"For O those O Mac O OSX O users O out O there O , O iSync B-aspect works O fairly O well O . O",Nokia 6600.txt,iSync[+3][u],['iSync']
392,On O occasion O I O 'm O not O able O to O connect O to O the O phone O with O iSync O via O Bluetooth B-aspect but O I O found O that O rebooting O the O phone O seems O to O solve O this O problem O . O,Nokia 6600.txt,Bluetooth[-1],['Bluetooth']
393,"And O Bluetooth B-aspect does O not O drain O the O battery B-aspect as O quick O as O I O thought O it O would O , O I O usually O can O go O 1.5 O days O with O Bluetooth B-aspect on O along O with O making O calls O before O I O need O a O full O recharge O . O",Nokia 6600.txt,"Bluetooth[+2],battery[+2]","['Bluetooth', 'battery']"
394,With O Bluetooth O off O the O phone O last O almost O twice O as O long O . O,Nokia 6600.txt,battery[+2],['battery']
395,"The O nokia O 6600 O is O a O great O phone B-aspect , O good O games O , O good O camera O . O",Nokia 6600.txt,phone[+3],['phone']
396,"The O video B-aspect recorders I-aspect a O bit O odd O , O sometimes O I O get O 9 O secs O on O my O recordings O , O sometimes O I O get O 17 O . O",Nokia 6600.txt,video recorders[-1],['video recorders']
397,"The O voice B-aspect recorders I-aspect good O , O but O you O ca O n't O record O songs O off O the O radio O for O ring O tones O . O",Nokia 6600.txt,voice recorders[+2],['voice recorders']
398,"The O games B-aspect are O decent O , O but O u O only O get O 2 O to O start O off O with O . O",Nokia 6600.txt,games[+1],['games']
399,But O you O can O download O some O really O good O ones O like O pac-man O or O mafia O wars O . O,Nokia 6600.txt,games[+3],['games']
400,"Overall O the O phones B-aspect fantastic O , O and O I O would O have O given O it O 5 O stars O , O but O its O not O perfect O . O",Nokia 6600.txt,phones[+3],['phones']
401,If O your O looking O for O a O phone O thats O mainly O for O calls O and O killing O time O this O is O the O one O you O want O . O,Nokia 6600.txt,[s],[]
402,"The O battery B-aspect on O mine O lasts O 2 O days O if O I O do O n't O play O games O that O much O , O and O it O only O takes O 90 O mins O to O charge O from O flat O . O",Nokia 6600.txt,battery[+3],['battery']
403,"This O phone O has O the O best O battery B-aspect , O it O lasts O longer O then O my O old O 3210 O",Nokia 6600.txt,battery[+3],['battery']
404,I O got O a O 1GB O MMC B-aspect upgrade O for O this O phone O and O now O I O can O : O,Nokia 6600.txt,MMC[+3],['MMC']
405,1 O . O Record O around O 1 O hour O of O video B-aspect with O Phillips O Camcorder O Pro O . O,Nokia 6600.txt,video[+3],['video']
406,"2 O . O Take O around O 10,000 O 640x480 O pictures B-aspect . O",Nokia 6600.txt,pictures[+3],['pictures']
407,3 O . O Play O Java O games B-aspect on O it O . O,Nokia 6600.txt,games[+3],['games']
408,4 O . O Play O N-Gage O games B-aspect on O it O . O,Nokia 6600.txt,games[+3],['games']
409,5 O . O Check O traffic411.com O for O LA O traffic O on O the O 405 O . O,Nokia 6600.txt,internet[+3],['internet']
410,6 O . O Play O Gameboy O Color O games B-aspect on O it O with O GoBoy O . O,Nokia 6600.txt,games[+3],['games']
411,7 O . O Have O a O good O chunk O of O my O small O MP3 O to O listen O through O the O speaker B-aspect phone I-aspect . O,Nokia 6600.txt,speaker phone[+2],['speaker phone']
412,8 O . O Connected O the O phone O to O my O tablet O pc O and O now O can O access O company O VPN O at O 56k O speed O via O bluetooth B-aspect . O,Nokia 6600.txt,bluetooth[+3],['bluetooth']
413,Clear O the O call B-aspect logs I-aspect once O in O a O while O to O speed O up O the O phone O people O ! O ! O ! O,Nokia 6600.txt,call logs[+1],['call logs']
414,"As O for O bluetooth B-aspect , O no O problems O at O all O . O",Nokia 6600.txt,bluetooth[+2],['bluetooth']
415,I O 've O connected O the O phone O with O two O laptops O and O a O iPaq O 4155 O . O,Nokia 6600.txt,bluetooth[+2],['bluetooth']
416,Very O simple O and O painless O . O,Nokia 6600.txt,bluetooth[+2],['bluetooth']
417,"This O is O the O first O cell O phone B-aspect I O 've O owned O , O and O overall O , O I O am O quite O pleased O with O it O . O",Nokia 6600.txt,phone[+3],['phone']
418,"I O purchased O this O phone O after O researching O many O different O phones O , O mostly O Nokia O 's O that O were O T-Mobile O compatiable O . O",Nokia 6600.txt,[cs],[]
419,"Among O my O requirments O for O a O phone B-aspect were O : O good O screen O , O decent O camera O , O bluetooth O , O and O GPRS O support O . O",Nokia 6600.txt,phone[+2],['phone']
420,The O 6600 B-aspect was O the O best O phone B-aspect I O could O find O with O these O options O that O I O could O get O with O t-mobile O . O,Nokia 6600.txt,"6600[+3],phone[+3]","['6600', 'phone']"
421,"One O primary O reason O for O getting O a O cell O phone O was O so O that O I O could O use O it O as O an O internet B-aspect connection O for O my O laptop O running O linux O , O where O softmodem O drivers O are O hard O to O find O , O and O do O n't O work O very O well O . O",Nokia 6600.txt,internet[+1],['internet']
422,"If O you O are O using O Linux O , O and O you O want O to O use O GPRS B-aspect to O connect O to O the O net O , O I O suggest O this O phone O along O with O a O Belkin O USB O Bluetooth O adapter O . O",Nokia 6600.txt,GPRS[+2],['GPRS']
423,For O the O linux O users O out O there O who O are O intrested O in O my O setup O : O I O 'm O running O Debian O Knoppix O 3.4 O with O a O custom O 2.6.7 O kernel O . O,Nokia 6600.txt,,[]
424,On O a O DELL O Inspiron O 8200 O with O a O P4 O 2.0ghz O system O with O 1gb O RAM O . O,Nokia 6600.txt,,[]
425,The O KDE O Bluez O system O for O bluetooth O support O . O,Nokia 6600.txt,,[]
426,I O have O really O enjoyed O the O camera B-aspect on O this O phone O . O,Nokia 6600.txt,camera[+3],['camera']
427,"Although O the O images B-aspect are O not O the O best O in O the O world O , O its O very O handy O to O have O a O camera B-aspect everywhere O you O go O . O",Nokia 6600.txt,"images[-1],camera[+2]","['images', 'camera']"
428,And O the O phone O has O a O very O cool O feature B-aspect wich O allows O you O to O send O images O via O a O normal O POP3/SMTP O e-mail O account O . O,Nokia 6600.txt,feature[+2],['feature']
429,"I O will O also O say O that O setting O up O the O e-mail B-aspect account O was O very O simple O and O straight-forward O , O although O you O do O need O an O external O SMTP O server O to O use O . O",Nokia 6600.txt,e-mail[+3],['e-mail']
430,The O phone O can O use O any O MIDI O audio O file O as O a O ringtone B-aspect . O,Nokia 6600.txt,ringtone[+2],['ringtone']
431,Which O is O really O nice O because O you O can O get O pretty O much O any O piece O of O music B-aspect in O MIDI O format O for O free O on O the O net O . O,Nokia 6600.txt,"ringtone[+3],music[+3]","['ringtone', 'music']"
432,You O can O use O the O OBEX O File O Transfer O service O with O bluetooth B-aspect from O linux O KDE-bluetooth B-aspect provieds O a O nice O intergration O into O Konqueror O for O this O for O sending O files O to O the O phone O . O,Nokia 6600.txt,bluetooth[+1],['bluetooth']
433,The O fact O that O you O can O assign O ringtones B-aspect to O people O and/or O groups O is O really O cool O . O,Nokia 6600.txt,ringtones[+2],['ringtones']
434,Apparently O some O phones O do O n't O allow O you O to O give O an O entire O group O a O ringtone O . O,Nokia 6600.txt,,[]
435,I O will O say O that O the O OS B-aspect that O the O phone O runs O does O have O a O few O issues O . O,Nokia 6600.txt,OS[-1],['OS']
436,"Sometimes O , O various O applications B-aspect crash O . O",Nokia 6600.txt,applications[-2],['applications']
437,Especially O the O bluetooth B-aspect server O ... O Meaning O you O have O to O restart O the O phone O if O you O want O bluetooth B-aspect to O work O again O . O,Nokia 6600.txt,bluetooth[-2],['bluetooth']
438,"This O is O somewhat O annoying O , O but O from O working O with O computers O espcially O windows O -- O ugh O ... O",Nokia 6600.txt,bluetooth[-2],['bluetooth']
439,I O 'm O used O to O having O to O restart O things O . O,Nokia 6600.txt,,[]
440,"On O average O , O I O prolly O restart O the O phone O every O two O days O . O",Nokia 6600.txt,,[]
441,I O use O this O phone O exculsivly O with O a O Jabra O Freespeak O 250 O . O,Nokia 6600.txt,,[]
442,"I O really O dislike O holding O a O phone O to O my O ear O , O and O I O 've O found O the O Freespeak B-aspect to O be O very O comfortable O and O easy O to O use O with O this O phone O . O",Nokia 6600.txt,Freespeak[+2],['Freespeak']
443,The O only O main O drawback O is O the O fact O that O the O voice-dialing B-aspect system I-aspect is O kinda O picky O . O,Nokia 6600.txt,voice-dialing system[-2],['voice-dialing system']
444,"It O takes O a O while O to O learn O how O to O use O it O right O , O and O at O this O point O I O am O able O to O make O about O 70 O % O of O my O calls O using O it O . O",Nokia 6600.txt,voice-dialing system[-1][p],['voice-dialing system']
445,"However O , O it O needs O to O be O quite O quiet O for O it O to O work O at O all O -- O dos O n't O work O at O all O in O the O car O , O for O example O . O",Nokia 6600.txt,voice-dialing system[-2][p],['voice-dialing system']
446,"Some O people O have O commented O about O the O size B-aspect and O weight B-aspect of O the O phone O , O and O it O has O rightfully O gotten O the O nick-name O `` O the O bar O of O soap O '' O which O , O it O really O is O . O",Nokia 6600.txt,"size[-1],weight[-1]","['size', 'weight']"
447,"But O if O you O use O all O bluetooth O accessories O , O as O I O do O , O its O really O not O an O issue O . O",Nokia 6600.txt,"size[+1],weight[+1]","['size', 'weight']"
448,"All O in O all O , O this O is O a O great O phone B-aspect . O",Nokia 6600.txt,phone[+3],['phone']
449,Especially O for O the O price B-aspect amazon O gives O it O at O I O was O unable O to O get O mine O through O amazon O due O to O some O credit O complications O . O,Nokia 6600.txt,price[+3],['price']
450,"If O you O use O linux O and O want O GRPS O and/or O want O to O use O a O handsfree O bluetooth O device O , O and O want O a O decent O camera O -- O this O is O the O phone B-aspect for O you O . O",Nokia 6600.txt,phone[+3],['phone']
451,I O really O love O this O phone B-aspect ... O,Nokia 6600.txt,phone[+3],['phone']
452,I O also O am O loving O T-Mobile B-aspect 100 O times O better O than O ATT B-aspect ... O,Nokia 6600.txt,"T-Mobile[+3],ATT[-3]","['T-Mobile', 'ATT']"
453,you O actually O can O talk O to O a O real O person O for O support O in O under O an O hour O ! O . O,Nokia 6600.txt,T-Mobile[+3],['T-Mobile']
454,Have O had O the O Nokia O 6600 B-aspect for O a O year O now O and O am O generally O very O happy O with O it O and O with O T-Mobile B-aspect . O,Nokia 6600.txt,"6600[+2][u],T-Mobile[+2]","['6600', 'T-Mobile']"
455,It O offers O way O more O features B-aspect than O I O need O but O the O ones O I O use O work O well O . O,Nokia 6600.txt,features[+2],['features']
456,"I O almost O always O get O a O good O strong O signal B-aspect , O even O in O fairly O remote O areas O here O in O the O southwest O . O",Nokia 6600.txt,signal[+3],['signal']
457,The O sound B-aspect quality O is O excellent O and O the O speaker B-aspect phone I-aspect could O n't O be O easier O to O use O . O,Nokia 6600.txt,"sound[+3],speaker phone[+3]","['sound', 'speaker phone']"
458,I O like O the O size B-aspect and O shape B-aspect . O,Nokia 6600.txt,"size[+2],shape[+2]","['size', 'shape']"
459,It O fits O comfortably O in O my O hand O and O pocket O . O,Nokia 6600.txt,"size[+3],shape[+3]","['size', 'shape']"
460,The O only O problem O is O the O size O of O the O keys B-aspect . O,Nokia 6600.txt,keys[-1],['keys']
461,My O fingers O are O kind O of O stubby O so O it O took O a O while O to O learn O how O to O hit O a O key B-aspect without O hitting O the O adjacent O ones O . O,Nokia 6600.txt,key[-1][u],['key']
462,They O really O are O awfully O small O . O,Nokia 6600.txt,kays[-2][u],['kays']
463,Also O the O battery B-aspect life I-aspect is O n't O great O but O it O 's O sufficient O for O my O needs O . O,Nokia 6600.txt,battery life[-1],['battery life']
464,It O also O works O just O fine O for O international O calls B-aspect . O,Nokia 6600.txt,calls[+1],['calls']
465,It O 's O a O bit O pricey O to O call O home O from O other O countries O but O the O instant B-aspect messaging I-aspect to O and O from O covered O countries O in O Europe O are O quite O reasonable O . O,Nokia 6600.txt,instant messaging[+2],['instant messaging']
466,It O 's O really O well O made O and O has O survived O sliding O across O floors O and O pavement O without O a O scratch O . O,Nokia 6600.txt,quality[+3],['quality']
467,I O 've O had O nothing O but O good O luck O with O T-Mobile B-aspect . O,Nokia 6600.txt,T-Mobile[+3],['T-Mobile']
468,Their O customer B-aspect service I-aspect agents I-aspect are O always O prompt O and O polite O and O my O service B-aspect is O terrific O . O,Nokia 6600.txt,"customer service agents[+3],service[+3]","['customer service agents', 'service']"
469,I O never O get O dropped O calls B-aspect . O,Nokia 6600.txt,calls[+3],['calls']
470,It O seems O to O be O a O much O more O user O friendly O company O than O Verizon B-aspect and O a O thousand O percent O better O than O the O horrible O Quest B-aspect Wireless I-aspect . O,Nokia 6600.txt,"T-Mobile[+3],Verizon[-1],Quest Wireless[-3]","['T-Mobile', 'Verizon', 'Quest Wireless']"
471,I O recommend O T-Mobile B-aspect and O the O Nokia O 6600 B-aspect without O reservation O . O,Nokia 6600.txt,"T-Mobile[+3][s],6600[+3][s]","['T-Mobile', '6600']"
472,"The O Nokia O 6600 B-aspect is O really O just O a O glorified O 3650 B-aspect : O you O know O the O 3650 B-aspect , O those O bulbous O , O formless O , O big O phones O a O few O unfortunate O ATT O customers O are O carrying O around O . O",Nokia 6600.txt,"6600[+3][cs],3650[-2]","['6600', '3650']"
473,"The O Nokia O 660 O runs O the O Symbian O OS B-aspect , O which O works O pretty O well O for O most O standard O phone O fare O , O most O of O the O stuff O is O not O that O intuitive O , O but O if O you O actually O learn O how O to O use O it O all O , O there O 's O plenty O of O neat O tie-ins O . O",Nokia 6600.txt,OS[+2],['OS']
474,I O 've O had O this O phone B-aspect for O almost O a O year O now O and O it O has O been O nothing O but O great O to O use B-aspect . O,Nokia 6600.txt,"phone[+3],use[+3]","['phone', 'use']"
475,"I O can O connect O to O my O computer O via O bluetooth B-aspect to O transfer O images O , O calender O events O , O contacts O and O anything O else O . O",Nokia 6600.txt,bluetooth[+2],['bluetooth']
476,Another O great O feature O for O me O anyway O is O the O ability O to O load O .wav O sounds O as O ringers B-aspect . O,Nokia 6600.txt,ringers[+3],['ringers']
477,"This O way O I O never O have O to O be O ripped O off O by O the O carrier O for O stupid O ringtones B-aspect , O I O can O get O whatever O I O want O . O",Nokia 6600.txt,ringtones[+3],['ringtones']
478,"The O only O downside O I O have O found O with O this O phone O is O that O it O is O a O bit O slow B-aspect to O react O , O meaning O when O I O push O the O contacts O button O , O it O takes O a O while O to O load O , O this O is O true O for O almost O all O the O menus O and O programs O on O the O phone O . O",Nokia 6600.txt,slow[-1],['slow']
479,"Other O than O that O , O the O simbian O series O 60 O OS B-aspect is O great O and O offers O lots O of O proprietary O software O that O will O work O on O your O phone O if O you O 're O willing O to O hunt O for O it O . O",Nokia 6600.txt,OS[+3],['OS']
480,"Hand B-aspect set I-aspect is O good O , O but O be O aware O of O this O T-MOBILE O rebate B-aspect . O",Nokia 6600.txt,"Hand set[+1],rebate[-1]","['Hand set', 'rebate']"
481,These O people O takes O lest O effort O to O process O rebate B-aspect forms O . O,Nokia 6600.txt,rebate[-1],['rebate']
482,For O last O one O month O my O rebate B-aspect status O showing O me O that O my O rebate B-aspect is O apporved O and O check O is O delivered O but O still O I O am O waiting O for O Check O . O,Nokia 6600.txt,rebate[-2],['rebate']
483,There O is O no O way O you O can O talk O with O customer B-aspect care I-aspect about O this O . O,Nokia 6600.txt,customer care[-2],['customer care']
484,Dont O rely O on O T-Mobile O rebates B-aspect . O,Nokia 6600.txt,rebates[-2],['rebates']
485,"I O bought O 2 O of O these O Nokia O 6600 O phones O recently O , O thru O the O amazon O market O place O . O",Nokia 6600.txt,,[]
486,"Initially O these O phones O were O fun O to O play O with O some O of O the O cool O features B-aspect like O the O speaker B-aspect phone I-aspect , O web B-aspect browser I-aspect and O ofcourse O the O built O in O camera B-aspect . O",Nokia 6600.txt,"features[+2],speaker phone[+1],web browser[+1],camera[+1]","['features', 'speaker phone', 'web browser', 'camera']"
487,"So O on O the O whole O , O let O me O summarize O the O good O and O bad O things O about O this O phone O , O instead O of O writing O a O long O review O . O",Nokia 6600.txt,,[]
488,"The O good O : O 1 O Large O LCD O screen B-aspect , O colorful O display B-aspect , O good O resolution O . O",Nokia 6600.txt,"screen[+2],display[+2]","['screen', 'display']"
489,"2 O Nice O features B-aspect , O like O web B-aspect browser I-aspect , O camera B-aspect , O video B-aspect recorder I-aspect , O speaker B-aspect phone I-aspect very O usefully O , O clear O voice O reception B-aspect . O",Nokia 6600.txt,"features[+3],web browser[+1],camera[+1],video recorder[+1], speaker phone[+1],reception[+2]","['features', 'web browser', 'camera', 'video recorder', 'speaker phone', 'reception']"
490,"3 O Joy B-aspect stick I-aspect for O eazy O navigation O , O 35Mb O memory B-aspect card I-aspect to O store O the O pictures O and O stuff O . O",Nokia 6600.txt,"Joy stick[+2],memory card[+2]","['Joy stick', 'memory card']"
491,"Now O the O bad O : O 1 O As O usual O , O battery B-aspect power O not O sufficient O for O daily O usuage O . O",Nokia 6600.txt,battery[-2],['battery']
492,"3 O Joy B-aspect stick I-aspect for O eazy O navigation O , O 35Mb O memory B-aspect card I-aspect to O store O the O pictures O and O stuff O . O",Nokia 6600.txt,"Joy stick[+2],memory card[+2]","['Joy stick', 'memory card']"
493,The O battery B-aspect power O discharges O rapidly O especially O on O using O the O web O browser O . O,Nokia 6600.txt,battery[-2],['battery']
494,2 O Phone O is O awfully O slow B-aspect . O,Nokia 6600.txt,slow[-3][u],['slow']
495,"Sometimes O when O you O press O buttons O , O the O menu B-aspect appears O after O a O second O or O two O . O",Nokia 6600.txt,menu[-3][u],['menu']
496,"3 O Phone O is O kinda O heavy B-aspect , O but O small O in O size B-aspect . O",Nokia 6600.txt,"size[+1],heavy[-2][u]","['size', 'heavy']"
497,Looks O big O in O the O display O ads O though O . O,Nokia 6600.txt,,[]
498,4 O Buttons B-aspect are O quite O small O and O is O really O a O pain O exp O if O one O is O fond O of O text O messaging O . O,Nokia 6600.txt,Buttons[-2][u],['Buttons']
499,"There O will O be O much O erasing O of O text O as O , O one O would O tend O to O type O something O instead O of O the O actual O letters O . O",Nokia 6600.txt,Buttons[-2][u],['Buttons']
500,5 O video B-aspect recorder I-aspect is O of O no O use O and O one O can O not O record O something O useful O in O 10 O seconds O and O it O takes O a O while O to O send O the O same O through O the O `` O Free O picture O and O video O messaging O '' O offered O by O service O provider O . O,Nokia 6600.txt,video recorder[-2],['video recorder']
501,So O my O review O should O defintely O give O you O an O idea O about O this O phone O . O,Nokia 6600.txt,,[]
502,"The O bottom O line O is O `` O Phone B-aspect is O cool O one O - O only O for O the O moment O , O as O its O the O latest O Phone B-aspect in O the O market O and O has O all O the O new O features O , O but O this O will O soon O be O displaced O by O upcoming O newer O phones O '' O . O",Nokia 6600.txt,Phone[+1],['Phone']
503,my O number O one O criteria O for O a O new O phone O was O iSync O compaibility O via O bluetooth O . O,Nokia 6600.txt,,[]
504,all O the O other O features O are O gravy O . O,Nokia 6600.txt,,[]
505,i O checked O the O iSync O compatibility O page O and O it O was O listed O -- O they O even O had O a O photo O of O the O 6600 O shown O in O the O graphic O . O,Nokia 6600.txt,,[]
506,"so O , O right O out O of O the O box O i O had O issue O . O",Nokia 6600.txt,iSync compaibility[-2][u],['iSync compaibility']
507,"namely O , O it O wouldnt O sync B-aspect . O",Nokia 6600.txt,sync[-3],['sync']
508,after O scouring O the O various O boards O i O find O this O is O an O arbitrary O and O pervasive O problem O . O,Nokia 6600.txt,iSync compaibility[-3][u],['iSync compaibility']
509,there O are O lengthy O hacks O offered O requiring O root O access O and O edits O via O terminal O . O,Nokia 6600.txt,,[]
510,"i O may O have O been O up O for O this O 10 O years O ago O , O but O i O just O want O a O phone O that O works O at O this O point O . O",Nokia 6600.txt,,[]
511,i O guess O its O my O own O fault O for O not O researching O more O before O buying O the O thing O . O,Nokia 6600.txt,,[]
512,"but O , O i O am O quite O unhappy O with O nokia B-aspect at O the O moment O . O",Nokia 6600.txt,nokia[-3],['nokia']
513,"if O you O are O looking O for O a O phone O to O integrate O as O easily O as O the O sonyericsson B-aspect phones O with O iSync O , O i O say O stick O with O a O sonyericsson B-aspect . O",Nokia 6600.txt,sonyericsson[+1],['sonyericsson']
514,i O 'd O rather O have O a O little O more O phone O than O the O t610 O offers O . O,Nokia 6600.txt,,[]
515,"but O , O that O 's O the O only O SE O t-mobile O offers O right O now O . O",Nokia 6600.txt,,[]
516,this O nokia O is O going O back O to O china O or O wherever O it O came O from O . O,Nokia 6600.txt,,[]
517,if O there O was O a O zero-star O rating O i O would O give O it O . O,Nokia 6600.txt,phone[-3][p],['phone']
518,went O with O T O mobile O Nokia O 6600 O replacing O my O Sony O T610 O . O,Nokia 6600.txt,,[]
519,"It O is O a O multifunction O phone B-aspect , O reception B-aspect quality O is O better O than O the O 610 O . O",Nokia 6600.txt,"phone[+1],reception[+2]","['phone', 'reception']"
520,"speaker B-aspect phone I-aspect quality O is O good O , O and O poping O in O a O 512mb O MMC B-aspect card I-aspect , O it O rocks O ! O",Nokia 6600.txt,"speaker phone[+2],MMC card[+2]","['speaker phone', 'MMC card']"
521,"putting O in O MP3 B-aspect player I-aspect , O lots O of O games B-aspect and O application B-aspect to O download O . O",Nokia 6600.txt,"MP3 player[+2],games[+2],application[+2]","['MP3 player', 'games', 'application']"
522,"DOwnside O is O the O size B-aspect of O the O phone O , O it O is O BIG O for O today O 's O standard O . O",Nokia 6600.txt,size[-2],['size']
523,and O the O battery B-aspect life I-aspect is O bad O ! O,Nokia 6600.txt,battery life[-3],['battery life']
524,I O could O hardly O use O it O without O a O recharge O in O 2 O days O ! O,Nokia 6600.txt,battery life[-3][u],['battery life']
525,a O bit O dissapoitnd O on O that O ! O,Nokia 6600.txt,battery life[-3][p],['battery life']
526,the O GPRS B-aspect web O access O is O sloooooooooooooow O ! O,Nokia 6600.txt,GPRS[-3],['GPRS']
527,I O got O this O phone B-aspect yesterday O and O did O n't O find O any O problems O with O it O yet O . O,Nokia 6600.txt,phone[+1],['phone']
528,Picture B-aspect and O video B-aspect quality O is O ok O . O,Nokia 6600.txt,"Picture[+1],video[+1]","['Picture', 'video']"
529,Love O the O speaker B-aspect phone I-aspect . O,Nokia 6600.txt,speaker phone[+2],['speaker phone']
530,INCREDIBLE O MEMORY B-aspect ! O,Nokia 6600.txt,MEMORY[+3],['MEMORY']
531,"Aside O from O a O 6MB++ O built-in O phone O memory O , O there O 's O a O 32MB O MMC B-aspect card I-aspect that O goes O with O it O ! O",Nokia 6600.txt,MMC card[+3],['MMC card']
532,Picture B-aspect quality O 's O great O for O still O and O video B-aspect with O sound O . O,Nokia 6600.txt,"Picture[+3],video[+2]","['Picture', 'video']"
533,you O can O record O your O voice O and O turn O it O into O a O ringtone B-aspect . O,Nokia 6600.txt,ringtone[+2],['ringtone']
534,you O ca O n't O do O that O with O a O Sony B-aspect T610 I-aspect which O i O traded O for O a O 6600 O . O,Nokia 6600.txt,Sony T610[-1][cc],['Sony T610']
535,T610 B-aspect supports O only O midi O files O . O,Nokia 6600.txt,T610[-1][cc],['T610']
536,"N6600 B-aspect supports O midi O , O wav O , O amr O , O mp3 O etc O . O",Nokia 6600.txt,N6600[+2],['N6600']
537,"it O has O a O handsfree O loudspeaker O , O conference O and O transfer O ! O",Nokia 6600.txt,N6600[+2],['N6600']
538,"i O 'm O having O mine O upgraded O to O capture O endless O video O , O which O right O now O allows O 10 O secs O . O",Nokia 6600.txt,,[]
539,I O 'll O have O to O buy O bigger O MMC O card O of O course O . O,Nokia 6600.txt,,[]
540,I O love O this O phone B-aspect . O,Nokia 6600.txt,phone[+3],['phone']
541,This O phone B-aspect is O one O of O the O milestones O in O the O history O of O the O cellular O phones O . O,Nokia 6600.txt,phone[+3],['phone']
542,"Supporting O an O operating O system O , O Symbian O OS B-aspect , O you O can O download O and O run O a O lot O of O programs O on O this O phone O . O",Nokia 6600.txt,OS[+2],['OS']
543,"You O can O turn O this O phone B-aspect into O a O gaming O machine O , O a O camcorder O or O a O digital O camera O , O an O mp3-player O , O a O movie O viewer O , O a O voice O recorder O , O a O personal O secretary O , O a O GPS O map O browser O , O a O book O , O a O multifunction O remote O controller O , O practically O everything O that O you O can O do O with O the O computer O , O plus O it O is O a O phone B-aspect ! O ! O and O also O you O can O carry O it O in O your O pocket O : O . O",Nokia 6600.txt,"phone[+3],size[+3]","['phone', 'size']"
544,"Many O of O these O programs B-aspect are O shareware O , O some O can O be O purchased O by O paying O a O little O bit O of O bucks O . O",Nokia 6600.txt,programs[+2][u],['programs']
545,"It O uses O the O extendable O MMC B-aspect memory I-aspect , O it O is O perfect O for O storing O videos O , O pictures O and O mp3s O . O",Nokia 6600.txt,MMC memory[+3],['MMC memory']
546,Its O nice O look B-aspect is O also O a O plus O . O,Nokia 6600.txt,look[+2],['look']
547,"And O also O , O since O it O is O tri O band O and O since O it O uses O SIM-card B-aspect , O you O can O just O use O it O in O Europe O and O many O other O parts O of O the O world O , O wherever O GSM O exists O . O",Nokia 6600.txt,SIM-card[+2],['SIM-card']
548,"I O am O just O in O love O with O this O phone B-aspect , O especially O after O using O a O more O primitve O phone B-aspect about O 3 O years O . O",Nokia 6600.txt,phone[+3],['phone']
